LEAID,CENSUSID,FIPST,CONUM,CSA,CBSA,NAME,STNAME,STABBR,SCHLEV,AGCHRT,YEAR,CCDNF,CENFILE,GSLO,GSHI,V33,MEMBERSCH,TOTALREV,TFEDREV,C14,C15,C16,C17,C19,B11,C20,C25,C36,B10,B12,B13,TSTREV,C01,C04,C05,C06,C07,C08,C09,C10,C11,C12,C13,C35,C38,C39,TLOCREV,T02,T06,T09,T15,T40,T99,D11,D23,A07,A08,A09,A11,A13,A15,A20,A40,U11,U22,U30,U50,U97,C24,TOTALEXP,TCURELSC,TCURINST,E13,V91,V92,TCURSSVC,E17,E07,E08,E09,V40,V45,V90,V85,TCUROTH,E11,V60,V65,TNONELSE,V70,V75,V80,TCAPOUT,F12,G15,K09,K10,K11,L12,M12,Q11,I86,Z32,Z33,Z35,Z36,Z37,Z38,V11,V13,V15,V17,V21,V23,V37,V29,Z34,V10,V12,V14,V16,V18,V22,V24,V38,V30,V32,V93,_19H,_21F,_31F,_41F,_61V,_66V,W01,W31,W61,V95,V02,K14,CE1,CE2,CE3,WEIGHT,FL_V33,FL_MEMBERSCH,FL_C14,FL_C15,FL_C16,FL_C17,FL_C19,FL_B11,FL_C20,FL_C25,FL_C36,FL_B10,FL_B12,FL_B13,FL_C01,FL_C04,FL_C05,FL_C06,FL_C07,FL_C08,FL_C09,FL_C10,FL_C11,FL_C12,FL_C13,FL_C35,FL_C38,FL_C39,FL_T02,FL_T06,FL_T09,FL_T15,FL_T40,FL_T99,FL_D11,FL_D23,FL_A07,FL_A08,FL_A09,FL_A11,FL_A13,FL_A15,FL_A20,FL_A40,FL_U11,FL_U22,FL_U30,FL_U50,FL_U97,FL_C24,FL_E13,FL_V91,FL_V92,FL_E17,FL_E07,FL_E08,FL_E09,FL_V40,FL_V45,FL_V90,FL_V85,FL_E11,FL_V60,FL_V65,FL_V70,FL_V75,FL_V80,FL_F12,FL_G15,FL_K09,FL_K10,FL_K11,FL_L12,FL_M12,FL_Q11,FL_I86,FL_Z32,FL_Z33,FL_Z35,FL_Z36,FL_Z37,FL_Z38,FL_V11,FL_V13,FL_V15,FL_V17,FL_V21,FL_V23,FL_V37,FL_V29,FL_Z34,FL_V10,FL_V12,FL_V14,FL_V16,FL_V18,FL_V22,FL_V24,FL_V38,FL_V30,FL_V32,FL_V93,FL_19H,FL_21F,FL_31F,FL_41F,FL_61V,FL_66V,FL_W01,FL_W31,FL_W61,FL_V95,FL_V02,FL_K14,FL_CE1,FL_CE2,FL_CE3,District Name,Total,Graduation Rate
4400001,N,44,44007,148,39300,R.I. Sch for the Deaf,Rhode Island,RI,03,3,18,1,0,PK,12,67.0,67.0,2565000.0,0.0,0.0,0.0,0.0,0.0,0.0,0.0,0.0,0.0,0.0,0.0,0.0,0.0,1146000.0,1143000.0,0.0,0.0,0.0,2000.0,0.0,0.0,0.0,0.0,0.0,1000.0,0.0,0.0,0.0,1419000.0,-2.0,-2.0,-2.0,-2.0,-2.0,-2.0,1239000.0,0.0,0.0,0.0,0.0,0.0,0.0,0.0,0.0,0.0,0.0,3000.0,0.0,177000.0,0.0,0.0,2643000.0,2545000.0,1532000.0,1532000.0,0.0,0.0,1013000.0,0.0,0.0,11000.0,455000.0,395000.0,0.0,152000.0,0.0,0.0,0.0,0.0,0.0,0.0,0.0,0.0,0.0,16000.0,0.0,0.0,11000.0,5000.0,0.0,0.0,0.0,82000.0,0.0,1310000.0,928000.0,870000.0,0.0,0.0,0.0,0.0,0.0,1000.0,329000.0,53000.0,0.0,0.0,0.0,454000.0,313000.0,0.0,0.0,0.0,124000.0,17000.0,0.0,0.0,0.0,0.0,4000.0,0.0,0.0,0.0,0.0,0.0,0.0,0.0,0.0,0.0,54000.0,15000.0,10000.0,2545000.0,0.0,0.0,1.0,R,R,R,R,R,R,R,R,R,R,R,R,R,R,R,R,R,R,R,R,R,R,R,R,R,R,R,R,N,N,N,N,N,N,R,R,R,R,R,R,R,R,R,R,R,R,R,R,R,R,R,R,R,R,R,R,R,R,R,R,R,R,R,R,R,R,R,R,R,R,R,R,R,R,R,R,R,R,R,R,R,R,R,R,R,R,R,R,R,R,R,R,R,R,R,R,R,R,R,R,R,R,R,R,R,R,R,R,R,R,R,R,R,R,I,R,R,R.I. Sch for the Deaf,6,
4400003,N,44,44007,148,39300,MET Career and Tech,Rhode Island,RI,02,3,18,1,0,09,12,780.0,780.0,4293000.0,560000.0,176000.0,67000.0,23000.0,0.0,0.0,0.0,294000.0,0.0,0.0,0.0,0.0,0.0,2877000.0,2716000.0,0.0,0.0,0.0,9000.0,0.0,23000.0,0.0,0.0,0.0,7000.0,0.0,122000.0,0.0,856000.0,-2.0,-2.0,-2.0,-2.0,-2.0,-2.0,747000.0,0.0,0.0,0.0,0.0,0.0,0.0,0.0,0.0,0.0,0.0,1000.0,0.0,99000.0,9000.0,0.0,4042000.0,3847000.0,1482000.0,1482000.0,0.0,0.0,2281000.0,868000.0,289000.0,189000.0,229000.0,292000.0,2000.0,412000.0,0.0,84000.0,2000.0,82000.0,0.0,0.0,0.0,0.0,0.0,195000.0,166000.0,0.0,0.0,29000.0,0.0,0.0,0.0,0.0,0.0,2536000.0,1082000.0,723000.0,146000.0,0.0,11000.0,604000.0,227000.0,126000.0,151000.0,42000.0,0.0,304000.0,0.0,657000.0,322000.0,153000.0,33000.0,27000.0,57000.0,13000.0,0.0,51000.0,0.0,0.0,0.0,0.0,0.0,0.0,0.0,0.0,0.0,0.0,0.0,0.0,92000.0,38000.0,2000.0,3550000.0,296000.0,0.0,1.0,R,R,R,R,R,R,R,R,R,R,R,R,R,R,R,R,R,R,R,R,R,R,R,R,R,R,R,R,N,N,N,N,N,N,R,R,R,R,R,R,R,R,R,R,R,R,R,R,R,R,R,R,R,R,R,R,R,R,R,R,R,R,R,R,R,R,R,R,R,R,R,R,R,R,R,R,R,R,R,R,R,R,R,R,R,R,R,R,R,R,R,R,R,R,R,R,R,R,R,R,R,R,R,R,R,R,R,R,R,R,R,R,R,R,R,R,R,MET Career and Tech,229,0.9170305676855897
4400004,N,44,44007,148,39300,Davies Career and Tech,Rhode Island,RI,02,3,18,1,0,09,12,848.0,848.0,18300000.0,1072000.0,336000.0,184000.0,65000.0,0.0,185000.0,0.0,0.0,302000.0,0.0,0.0,0.0,0.0,13705000.0,13399000.0,0.0,0.0,0.0,0.0,0.0,300000.0,6000.0,0.0,0.0,0.0,0.0,0.0,0.0,3523000.0,-2.0,-2.0,-2.0,-2.0,-2.0,-2.0,3352000.0,0.0,0.0,0.0,165000.0,0.0,6000.0,0.0,0.0,0.0,0.0,0.0,0.0,0.0,0.0,0.0,17106000.0,15881000.0,9162000.0,9162000.0,0.0,0.0,6348000.0,1609000.0,557000.0,333000.0,706000.0,1634000.0,107000.0,1402000.0,0.0,371000.0,371000.0,0.0,0.0,524000.0,0.0,0.0,524000.0,254000.0,0.0,0.0,248000.0,6000.0,0.0,0.0,0.0,447000.0,0.0,8888000.0,5683000.0,3019000.0,560000.0,1880000.0,75000.0,978000.0,376000.0,177000.0,424000.0,372000.0,0.0,878000.0,0.0,4871000.0,3104000.0,596000.0,98000.0,101000.0,231000.0,262000.0,0.0,480000.0,0.0,0.0,19000.0,0.0,0.0,0.0,0.0,0.0,0.0,0.0,0.0,0.0,406000.0,117000.0,190000.0,15239000.0,642000.0,0.0,1.0,R,R,R,R,R,R,R,R,R,R,R,R,R,R,R,R,R,R,R,R,R,R,R,R,R,R,R,R,N,N,N,N,N,N,R,R,R,R,R,R,R,R,R,R,R,R,R,R,R,R,R,R,R,R,R,R,R,R,R,R,R,R,R,R,R,R,R,R,R,R,R,R,R,R,R,R,R,R,R,R,R,R,R,R,R,R,R,R,R,R,R,R,R,R,R,R,R,R,R,R,R,R,R,R,R,R,R,R,R,R,R,R,R,R,I,I,R,Davies Career and Tech,171,0.9298245614035088
4400008,N,44,44007,148,39300,Beacon Charter School,Rhode Island,RI,03,1,18,1,0,06,12,369.0,369.0,5602000.0,497000.0,165000.0,99000.0,21000.0,0.0,0.0,0.0,196000.0,16000.0,0.0,0.0,0.0,0.0,2984000.0,2762000.0,0.0,0.0,0.0,0.0,0.0,0.0,1000.0,0.0,0.0,0.0,0.0,221000.0,0.0,2121000.0,-2.0,-2.0,-2.0,-2.0,-2.0,-2.0,2028000.0,0.0,0.0,0.0,54000.0,0.0,0.0,0.0,0.0,0.0,0.0,0.0,0.0,39000.0,0.0,0.0,4763000.0,4563000.0,2541000.0,2541000.0,0.0,0.0,1930000.0,270000.0,63000.0,219000.0,393000.0,490000.0,6000.0,489000.0,0.0,92000.0,92000.0,0.0,0.0,0.0,0.0,0.0,0.0,111000.0,35000.0,4000.0,63000.0,9000.0,0.0,0.0,0.0,89000.0,0.0,2839000.0,1833000.0,1540000.0,237000.0,0.0,15000.0,149000.0,54000.0,142000.0,279000.0,68000.0,0.0,314000.0,0.0,868000.0,574000.0,37000.0,5000.0,55000.0,90000.0,8000.0,0.0,99000.0,0.0,0.0,9000.0,0.0,0.0,0.0,0.0,0.0,0.0,0.0,0.0,0.0,62000.0,71000.0,60000.0,4307000.0,256000.0,0.0,1.0,R,R,R,R,R,R,R,R,R,R,R,R,R,R,R,R,R,R,R,R,R,R,R,R,R,R,R,R,N,N,N,N,N,N,R,R,R,R,R,R,R,R,R,R,R,R,R,R,R,R,R,R,R,R,R,R,R,R,R,R,R,R,R,R,R,R,R,R,R,R,R,R,R,R,R,R,R,R,R,R,R,R,R,R,R,R,R,R,R,R,R,R,R,R,R,R,R,R,R,R,R,R,R,R,R,R,R,R,R,R,R,R,R,R,R,R,R,Beacon Charter School,57,0.9649122807017544
4400009,N,44,44007,148,39300,DCYF,Rhode Island,RI,02,3,18,1,0,07,12,-3.0,54.0,-2.0,-2.0,-2.0,-2.0,-2.0,-2.0,-2.0,-2.0,-2.0,-2.0,-2.0,-2.0,-2.0,-2.0,-2.0,-2.0,-2.0,-2.0,-2.0,-2.0,-2.0,-2.0,-2.0,-2.0,-2.0,-2.0,-2.0,-2.0,-2.0,-2.0,-2.0,-2.0,-2.0,-2.0,-2.0,-2.0,-2.0,-2.0,-2.0,-2.0,-2.0,-2.0,-2.0,-2.0,-2.0,-2.0,-2.0,-2.0,-2.0,-2.0,-2.0,-2.0,-2.0,-2.0,-2.0,-2.0,-2.0,-2.0,-2.0,-2.0,-2.0,-2.0,-2.0,-2.0,-2.0,-2.0,-2.0,-2.0,-2.0,-2.0,-2.0,-2.0,-2.0,-2.0,-2.0,-2.0,-2.0,-2.0,-2.0,-2.0,-2.0,-2.0,-2.0,-2.0,-2.0,-2.0,-2.0,-2.0,-2.0,-2.0,-2.0,-2.0,-2.0,-2.0,-2.0,-2.0,-2.0,-2.0,-2.0,-2.0,-2.0,-2.0,-2.0,-2.0,-2.0,-2.0,-2.0,-2.0,-2.0,-2.0,-2.0,-2.0,-2.0,-2.0,-2.0,-2.0,-2.0,-2.0,-2.0,-2.0,-2.0,-2.0,-2.0,-2.0,-2.0,-2.0,1.0,A,R,N,N,N,N,N,N,N,N,N,N,N,N,N,N,N,N,N,N,N,N,N,N,N,N,N,N,N,N,N,N,N,N,N,N,N,N,N,N,N,N,N,N,N,N,N,N,N,N,N,N,N,N,N,N,N,N,N,N,N,N,N,N,N,N,N,N,N,N,N,N,N,N,N,N,N,N,N,N,N,N,N,N,N,N,N,N,N,N,N,N,N,N,N,N,N,N,N,N,N,N,N,N,N,N,N,N,N,N,N,N,N,N,N,N,N,DCYF,42,0.047619047619047616
4400017,N,44,44003,148,39300,The Greene School,Rhode Island,RI,02,1,18,1,0,09,12,202.0,202.0,3377000.0,183000.0,45000.0,55000.0,8000.0,0.0,0.0,0.0,23000.0,31000.0,0.0,0.0,0.0,21000.0,1387000.0,1259000.0,0.0,0.0,0.0,0.0,0.0,0.0,1000.0,0.0,0.0,0.0,0.0,127000.0,0.0,1807000.0,-2.0,-2.0,-2.0,-2.0,-2.0,-2.0,1677000.0,0.0,0.0,0.0,3000.0,0.0,7000.0,0.0,0.0,0.0,0.0,1000.0,0.0,109000.0,10000.0,0.0,4149000.0,3052000.0,1354000.0,1354000.0,0.0,0.0,1664000.0,297000.0,219000.0,188000.0,235000.0,183000.0,293000.0,249000.0,0.0,34000.0,34000.0,0.0,0.0,0.0,0.0,0.0,0.0,1096000.0,1026000.0,1000.0,14000.0,55000.0,0.0,0.0,0.0,1000.0,0.0,1649000.0,890000.0,712000.0,117000.0,0.0,0.0,213000.0,100000.0,126000.0,160000.0,32000.0,0.0,129000.0,0.0,528000.0,324000.0,52000.0,1000.0,30000.0,69000.0,13000.0,0.0,38000.0,0.0,0.0,3000.0,0.0,0.0,0.0,0.0,0.0,0.0,0.0,0.0,0.0,34000.0,149000.0,36000.0,2918000.0,134000.0,0.0,1.0,R,R,R,R,R,R,R,R,R,R,R,R,R,R,R,R,R,R,R,R,R,R,R,R,R,R,R,R,N,N,N,N,N,N,R,R,R,R,R,R,R,R,R,R,R,R,R,R,R,R,R,R,R,R,R,R,R,R,R,R,R,R,R,R,R,R,R,R,R,R,R,R,R,R,R,R,R,R,R,R,R,R,R,R,R,R,R,R,R,R,R,R,R,R,R,R,R,R,R,R,R,R,R,R,R,R,R,R,R,R,R,R,R,R,I,R,R,The Greene School,51,0.9215686274509803
4400018,N,44,44007,148,39300,Trinity Academy for the Performing Arts,Rhode Island,RI,02,1,18,1,0,07,12,212.0,212.0,3620000.0,399000.0,151000.0,50000.0,21000.0,0.0,37000.0,0.0,140000.0,0.0,0.0,0.0,0.0,0.0,2281000.0,2188000.0,0.0,0.0,0.0,0.0,0.0,0.0,0.0,0.0,0.0,5000.0,0.0,88000.0,0.0,940000.0,-2.0,-2.0,-2.0,-2.0,-2.0,-2.0,873000.0,0.0,0.0,0.0,0.0,0.0,0.0,0.0,0.0,0.0,0.0,5000.0,0.0,61000.0,1000.0,0.0,3416000.0,3183000.0,1522000.0,1522000.0,4000.0,0.0,1661000.0,138000.0,154000.0,27000.0,402000.0,665000.0,12000.0,263000.0,0.0,0.0,0.0,0.0,0.0,4000.0,0.0,0.0,4000.0,42000.0,0.0,0.0,38000.0,4000.0,0.0,0.0,0.0,183000.0,0.0,1836000.0,1082000.0,703000.0,55000.0,313000.0,6000.0,106000.0,103000.0,16000.0,293000.0,62000.0,0.0,174000.0,0.0,492000.0,289000.0,17000.0,34000.0,5000.0,80000.0,7000.0,0.0,61000.0,0.0,0.0,6000.0,0.0,0.0,0.0,0.0,0.0,0.0,0.0,0.0,0.0,48000.0,20000.0,38000.0,2956000.0,227000.0,0.0,1.0,R,R,R,R,R,R,R,R,R,R,R,R,R,R,R,R,R,R,R,R,R,R,R,R,R,R,R,R,N,N,N,N,N,N,R,R,R,R,R,R,R,R,R,R,R,R,R,R,R,R,R,R,R,R,R,R,R,R,R,R,R,R,R,R,R,R,R,R,R,R,R,R,R,R,R,R,R,R,R,R,R,R,R,R,R,R,R,R,R,R,R,R,R,R,R,R,R,R,R,R,R,R,R,R,R,R,R,R,R,R,R,R,R,R,I,R,R,Trinity Academy for the Performing Arts,25,1.0
4400019,N,44,44007,148,39300,Rhode Island Nurses Institute Middle College,Rhode Island,RI,02,1,18,1,0,09,12,264.0,264.0,4916000.0,474000.0,127000.0,66000.0,9000.0,0.0,72000.0,0.0,199000.0,1000.0,0.0,0.0,0.0,0.0,2935000.0,2589000.0,0.0,0.0,0.0,4000.0,0.0,194000.0,0.0,0.0,0.0,0.0,0.0,148000.0,0.0,1507000.0,-2.0,-2.0,-2.0,-2.0,-2.0,-2.0,1342000.0,0.0,0.0,0.0,0.0,0.0,16000.0,0.0,0.0,0.0,1000.0,1000.0,0.0,147000.0,0.0,0.0,4426000.0,4297000.0,1828000.0,1828000.0,0.0,0.0,2468000.0,401000.0,116000.0,302000.0,354000.0,794000.0,167000.0,334000.0,0.0,1000.0,1000.0,0.0,0.0,7000.0,0.0,7000.0,0.0,122000.0,0.0,0.0,109000.0,13000.0,0.0,0.0,0.0,0.0,0.0,2211000.0,1268000.0,1028000.0,87000.0,54000.0,77000.0,259000.0,74000.0,149000.0,239000.0,0.0,0.0,223000.0,0.0,692000.0,409000.0,102000.0,15000.0,19000.0,76000.0,0.0,0.0,71000.0,0.0,0.0,13000.0,0.0,0.0,0.0,0.0,0.0,0.0,0.0,0.0,0.0,0.0,34000.0,26000.0,4036000.0,262000.0,0.0,1.0,R,R,R,R,R,R,R,R,R,R,R,R,R,R,R,R,R,R,R,R,R,R,R,R,R,R,R,R,N,N,N,N,N,N,R,R,R,R,R,R,R,R,R,R,R,R,R,R,R,R,R,R,R,R,R,R,R,R,R,R,R,R,R,R,R,R,R,R,R,R,R,R,R,R,R,R,R,R,R,R,R,R,R,R,R,R,R,R,R,R,R,R,R,R,R,R,R,R,R,R,R,R,R,R,R,R,R,R,R,R,R,R,R,R,I,I,R,Rhode Island Nurses Institute Middle College,33,0.8181818181818181
4400024,N,44,44007,148,39300,Sheila Skip Nowell Leadership Academy,Rhode Island,RI,02,1,18,1,0,09,12,163.0,163.0,16037000.0,1233000.0,326000.0,122000.0,57000.0,0.0,94000.0,0.0,424000.0,210000.0,0.0,0.0,0.0,0.0,9852000.0,9342000.0,0.0,0.0,0.0,10000.0,0.0,499000.0,0.0,0.0,0.0,1000.0,0.0,0.0,0.0,4952000.0,-2.0,-2.0,-2.0,-2.0,-2.0,-2.0,4675000.0,0.0,0.0,0.0,0.0,0.0,13000.0,0.0,0.0,14000.0,0.0,69000.0,0.0,167000.0,14000.0,0.0,15056000.0,14453000.0,5763000.0,5763000.0,0.0,0.0,8014000.0,1954000.0,528000.0,429000.0,1079000.0,1624000.0,781000.0,1619000.0,0.0,676000.0,610000.0,66000.0,0.0,0.0,0.0,0.0,0.0,603000.0,366000.0,9000.0,59000.0,169000.0,0.0,0.0,0.0,0.0,0.0,8771000.0,3999000.0,112000.0,90000.0,3072000.0,49000.0,1316000.0,368000.0,314000.0,793000.0,408000.0,253000.0,1001000.0,268000.0,2583000.0,1292000.0,379000.0,68000.0,64000.0,241000.0,115000.0,24000.0,316000.0,78000.0,5000.0,75000.0,0.0,0.0,0.0,0.0,0.0,0.0,0.0,0.0,0.0,342000.0,211000.0,114000.0,13617000.0,836000.0,0.0,1.0,R,R,R,R,R,R,R,R,R,R,R,R,R,R,R,R,R,R,R,R,R,R,R,R,R,R,R,R,N,N,N,N,N,N,R,R,R,R,R,R,R,R,R,R,R,R,R,R,R,R,R,R,R,R,R,R,R,R,R,R,R,R,R,R,R,R,R,R,R,R,R,R,R,R,R,R,R,R,R,R,R,R,R,R,R,R,R,R,R,R,R,R,R,R,R,R,R,R,R,R,R,R,R,R,R,R,R,R,R,R,R,R,R,R,R,R,R,Sheila Skip Nowell Leadership Academy,76,0.14473684210526316
4400025,N,44,44007,148,39300,Village Green Virtual,Rhode Island,RI,02,1,18,1,0,09,12,229.0,229.0,4092000.0,481000.0,157000.0,59000.0,23000.0,0.0,0.0,0.0,242000.0,0.0,0.0,0.0,0.0,0.0,2380000.0,2260000.0,0.0,0.0,0.0,5000.0,0.0,0.0,0.0,0.0,0.0,0.0,0.0,115000.0,0.0,1231000.0,-2.0,-2.0,-2.0,-2.0,-2.0,-2.0,1206000.0,0.0,0.0,0.0,0.0,0.0,0.0,0.0,0.0,0.0,0.0,1000.0,0.0,9000.0,15000.0,0.0,3452000.0,3244000.0,1539000.0,1539000.0,2000.0,0.0,1699000.0,194000.0,34000.0,246000.0,412000.0,591000.0,0.0,222000.0,0.0,6000.0,6000.0,0.0,0.0,0.0,0.0,0.0,0.0,63000.0,11000.0,0.0,24000.0,28000.0,0.0,0.0,0.0,143000.0,0.0,1557000.0,988000.0,895000.0,84000.0,0.0,10000.0,103000.0,17000.0,158000.0,291000.0,0.0,0.0,0.0,0.0,526000.0,353000.0,33000.0,1000.0,44000.0,94000.0,0.0,0.0,0.0,0.0,0.0,8000.0,0.0,0.0,0.0,0.0,0.0,0.0,0.0,0.0,0.0,0.0,150000.0,8000.0,3016000.0,229000.0,0.0,1.0,R,R,R,R,R,R,R,R,R,R,R,R,R,R,R,R,R,R,R,R,R,R,R,R,R,R,R,R,N,N,N,N,N,N,R,R,R,R,R,R,R,R,R,R,R,R,R,R,R,R,R,R,R,R,R,R,R,R,R,R,R,R,R,R,R,R,R,R,R,R,R,R,R,R,R,R,R,R,R,R,R,R,R,R,R,R,R,R,R,R,R,R,R,R,R,R,R,R,R,R,R,R,R,R,R,R,R,R,R,R,R,R,R,R,R,R,R,Village Green Virtual,49,0.9387755102040817
4400030,40300100130100,44,44001,148,39300,Barrington,Rhode Island,RI,03,3,18,1,1,PK,12,3362.0,3337.0,54661000.0,1621000.0,89000.0,873000.0,53000.0,0.0,32000.0,0.0,460000.0,114000.0,0.0,0.0,0.0,0.0,8587000.0,5249000.0,0.0,0.0,0.0,1000.0,0.0,0.0,16000.0,525000.0,0.0,126000.0,0.0,2572000.0,98000.0,44453000.0,43662000.0,-2.0,-2.0,-2.0,-2.0,-2.0,0.0,0.0,34000.0,0.0,750000.0,0.0,0.0,0.0,0.0,0.0,0.0,0.0,0.0,7000.0,0.0,0.0,55989000.0,49395000.0,31912000.0,31912000.0,2187000.0,24000.0,16675000.0,4623000.0,3065000.0,519000.0,2239000.0,3586000.0,1070000.0,1573000.0,0.0,808000.0,808000.0,0.0,0.0,1046000.0,0.0,0.0,1046000.0,151000.0,0.0,0.0,100000.0,51000.0,0.0,0.0,0.0,328000.0,2858000.0,31461000.0,22378000.0,16489000.0,3301000.0,44000.0,375000.0,2593000.0,2243000.0,196000.0,1516000.0,1323000.0,219000.0,994000.0,0.0,12674000.0,9317000.0,945000.0,528000.0,70000.0,664000.0,589000.0,89000.0,471000.0,0.0,0.0,152000.0,0.0,63480000.0,1024000.0,61668000.0,0.0,0.0,0.0,0.0,0.0,722000.0,325000.0,75000.0,45916000.0,908000.0,0.0,1.0,R,R,R,R,R,R,R,R,R,R,R,R,R,R,R,R,R,R,R,R,R,R,R,R,R,R,R,R,R,N,N,N,N,N,R,R,R,R,R,R,R,R,R,R,R,R,R,R,R,R,R,R,R,R,R,R,R,R,R,R,R,R,R,R,R,R,R,R,R,R,R,R,R,R,R,R,R,R,R,R,R,R,R,R,R,R,R,R,R,R,R,R,R,R,R,R,R,R,R,R,R,R,R,R,R,I,R,R,R,R,R,R,R,R,I,I,R,Barrington,294,0.9693877551020408
4400031,N,44,44007,148,39300,Highlander,Rhode Island,RI,03,1,18,1,0,PK,12,534.0,534.0,9857000.0,954000.0,220000.0,129000.0,24000.0,0.0,0.0,10000.0,319000.0,252000.0,0.0,0.0,0.0,0.0,5855000.0,5489000.0,0.0,0.0,0.0,13000.0,0.0,0.0,0.0,89000.0,0.0,5000.0,0.0,259000.0,0.0,3048000.0,-2.0,-2.0,-2.0,-2.0,-2.0,-2.0,2782000.0,0.0,0.0,0.0,0.0,0.0,42000.0,0.0,0.0,43000.0,0.0,0.0,0.0,181000.0,0.0,0.0,9017000.0,8378000.0,3972000.0,3972000.0,171000.0,0.0,4108000.0,991000.0,103000.0,327000.0,578000.0,660000.0,902000.0,547000.0,0.0,298000.0,297000.0,1000.0,0.0,55000.0,2000.0,0.0,53000.0,241000.0,58000.0,0.0,150000.0,33000.0,0.0,0.0,0.0,4000.0,168000.0,4680000.0,2966000.0,1971000.0,396000.0,0.0,88000.0,749000.0,29000.0,206000.0,386000.0,85000.0,0.0,258000.0,0.0,1415000.0,964000.0,200000.0,4000.0,53000.0,115000.0,23000.0,0.0,56000.0,0.0,0.0,9000.0,0.0,0.0,0.0,0.0,0.0,0.0,0.0,0.0,0.0,163000.0,75000.0,178000.0,8026000.0,350000.0,0.0,1.0,R,R,R,R,R,R,R,R,R,R,R,R,R,R,R,R,R,R,R,R,R,R,R,R,R,R,R,R,N,N,N,N,N,N,R,R,R,R,R,R,R,R,R,R,R,R,R,R,R,R,R,R,R,R,R,R,R,R,R,R,R,R,R,R,R,R,R,R,R,R,R,R,R,R,R,R,R,R,R,R,R,R,R,R,R,R,R,R,R,R,R,R,R,R,R,R,R,R,R,R,R,R,R,R,I,R,R,R,R,R,R,R,R,R,I,I,R,Highlander,39,0.7948717948717949
4400032,N,44,44007,148,39300,Paul Cuffee Charter Sch,Rhode Island,RI,03,1,18,1,0,KG,12,784.0,784.0,13595000.0,894000.0,415000.0,212000.0,58000.0,3000.0,0.0,10000.0,196000.0,0.0,0.0,0.0,0.0,0.0,9041000.0,8401000.0,0.0,0.0,0.0,26000.0,0.0,0.0,0.0,86000.0,0.0,32000.0,0.0,496000.0,0.0,3660000.0,-2.0,-2.0,-2.0,-2.0,-2.0,-2.0,3442000.0,0.0,0.0,0.0,0.0,0.0,49000.0,0.0,0.0,0.0,0.0,21000.0,0.0,131000.0,17000.0,0.0,12773000.0,12548000.0,7156000.0,7156000.0,71000.0,0.0,5392000.0,981000.0,722000.0,505000.0,944000.0,956000.0,579000.0,705000.0,0.0,0.0,0.0,0.0,0.0,3000.0,0.0,0.0,3000.0,151000.0,15000.0,2000.0,100000.0,34000.0,0.0,0.0,0.0,0.0,0.0,7717000.0,5016000.0,3480000.0,519000.0,0.0,184000.0,574000.0,468000.0,328000.0,636000.0,218000.0,0.0,477000.0,0.0,2416000.0,1693000.0,201000.0,43000.0,87000.0,198000.0,63000.0,0.0,132000.0,0.0,0.0,76000.0,0.0,0.0,0.0,0.0,0.0,0.0,0.0,0.0,0.0,189000.0,210000.0,95000.0,11710000.0,838000.0,0.0,1.0,R,R,R,R,R,R,R,R,R,R,R,R,R,R,R,R,R,R,R,R,R,R,R,R,R,R,R,R,N,N,N,N,N,N,R,R,R,R,R,R,R,R,R,R,R,R,R,R,R,R,R,R,R,R,R,R,R,R,R,R,R,R,R,R,R,R,R,R,R,R,R,R,R,R,R,R,R,R,R,R,R,R,R,R,R,R,R,R,R,R,R,R,R,R,R,R,R,R,R,R,R,R,R,R,R,R,R,R,R,R,R,R,R,R,I,R,R,Paul Cuffee Charter Sch,64,0.921875
4400036,N,44,44007,148,39300,Blackstone Academy,Rhode Island,RI,02,1,18,1,0,09,12,348.0,348.0,5877000.0,728000.0,212000.0,94000.0,14000.0,10000.0,28000.0,0.0,229000.0,141000.0,0.0,0.0,0.0,0.0,3869000.0,3714000.0,0.0,0.0,0.0,3000.0,0.0,0.0,2000.0,0.0,0.0,2000.0,0.0,148000.0,0.0,1280000.0,-2.0,-2.0,-2.0,-2.0,-2.0,-2.0,1079000.0,0.0,0.0,0.0,4000.0,0.0,1000.0,0.0,0.0,0.0,0.0,6000.0,0.0,189000.0,1000.0,0.0,4799000.0,4607000.0,2160000.0,2160000.0,5000.0,0.0,2305000.0,826000.0,109000.0,153000.0,259000.0,485000.0,171000.0,302000.0,0.0,142000.0,142000.0,0.0,0.0,74000.0,69000.0,0.0,5000.0,113000.0,0.0,0.0,72000.0,41000.0,0.0,0.0,0.0,0.0,0.0,2652000.0,1524000.0,1433000.0,0.0,3000.0,10000.0,567000.0,18000.0,90000.0,168000.0,96000.0,0.0,184000.0,5000.0,789000.0,559000.0,99000.0,2000.0,21000.0,55000.0,11000.0,0.0,42000.0,0.0,0.0,9000.0,0.0,0.0,0.0,0.0,0.0,0.0,0.0,0.0,0.0,64000.0,55000.0,58000.0,4258000.0,349000.0,0.0,1.0,R,R,R,R,R,R,R,R,R,R,R,R,R,R,R,R,R,R,R,R,R,R,R,R,R,R,R,R,N,N,N,N,N,N,R,R,R,R,R,R,R,R,R,R,R,R,R,R,R,R,R,R,R,R,R,R,R,R,R,R,R,R,R,R,R,R,R,R,R,R,R,R,R,R,R,R,R,R,R,R,R,R,R,R,R,R,R,R,R,R,R,R,R,R,R,R,R,R,R,R,R,R,R,R,R,R,R,R,R,R,R,R,R,R,I,I,R,Blackstone Academy,74,0.9054054054054056
4400065,40500120100000,44,44001,148,39300,Bristol Warren,Rhode Island,RI,03,3,18,1,1,PK,12,3226.0,3188.0,62741000.0,3023000.0,645000.0,1116000.0,136000.0,0.0,38000.0,13000.0,550000.0,525000.0,0.0,0.0,0.0,0.0,20202000.0,15471000.0,0.0,0.0,0.0,6000.0,0.0,61000.0,95000.0,1906000.0,0.0,33000.0,0.0,2379000.0,251000.0,39516000.0,-2.0,35907000.0,0.0,0.0,0.0,0.0,0.0,0.0,73000.0,0.0,738000.0,0.0,717000.0,0.0,0.0,1000.0,0.0,92000.0,0.0,197000.0,1791000.0,0.0,61556000.0,50848000.0,29459000.0,29459000.0,2009000.0,41000.0,20120000.0,5363000.0,3098000.0,443000.0,2584000.0,4740000.0,2298000.0,1594000.0,0.0,1269000.0,1236000.0,33000.0,0.0,3599000.0,591000.0,0.0,3008000.0,3295000.0,2437000.0,0.0,684000.0,174000.0,0.0,0.0,0.0,1137000.0,627000.0,30665000.0,20610000.0,15667000.0,2231000.0,406000.0,435000.0,3444000.0,2068000.0,258000.0,1593000.0,1776000.0,1000.0,914000.0,0.0,13345000.0,8573000.0,1528000.0,830000.0,92000.0,770000.0,1079000.0,0.0,474000.0,0.0,0.0,139000.0,15385000.0,0.0,1990000.0,13395000.0,0.0,0.0,0.0,0.0,6411000.0,910000.0,572000.0,543000.0,46683000.0,1788000.0,0.0,1.0,R,R,R,R,R,R,R,R,R,R,R,R,R,R,R,R,R,R,R,R,R,R,R,R,R,R,R,R,N,R,R,R,R,R,R,R,R,R,R,R,R,R,R,R,R,R,R,R,R,R,R,R,R,R,R,R,R,R,R,R,R,R,R,R,R,R,R,R,R,R,R,R,R,R,R,R,R,R,R,R,R,R,R,R,R,R,R,R,R,R,R,R,R,R,R,R,R,R,R,R,R,R,A,R,R,I,R,R,R,R,R,R,R,R,I,I,R,Bristol Warren,221,0.8642533936651584
4400090,40300400130100,44,44007,148,39300,Burrillville,Rhode Island,RI,03,3,18,1,1,PK,12,2273.0,2247.0,37830000.0,2216000.0,446000.0,787000.0,109000.0,0.0,34000.0,0.0,477000.0,363000.0,0.0,0.0,0.0,0.0,15724000.0,13155000.0,0.0,0.0,0.0,0.0,0.0,68000.0,11000.0,927000.0,0.0,1000.0,0.0,1531000.0,31000.0,19890000.0,18868000.0,-2.0,-2.0,-2.0,-2.0,-2.0,0.0,0.0,0.0,0.0,457000.0,0.0,501000.0,0.0,0.0,0.0,0.0,1000.0,0.0,5000.0,58000.0,0.0,38163000.0,35097000.0,21147000.0,21147000.0,1015000.0,352000.0,13091000.0,4066000.0,1116000.0,300000.0,1673000.0,2928000.0,2246000.0,762000.0,0.0,859000.0,858000.0,1000.0,0.0,875000.0,392000.0,0.0,483000.0,153000.0,0.0,0.0,112000.0,41000.0,0.0,0.0,0.0,530000.0,141000.0,19872000.0,13596000.0,10567000.0,2156000.0,0.0,55000.0,2584000.0,765000.0,168000.0,1108000.0,1050000.0,117000.0,429000.0,54000.0,9129000.0,6216000.0,1225000.0,217000.0,42000.0,508000.0,666000.0,20000.0,200000.0,36000.0,0.0,14000.0,0.0,0.0,350000.0,0.0,0.0,0.0,0.0,0.0,0.0,694000.0,260000.0,32000.0,30887000.0,1313000.0,0.0,1.0,R,R,R,R,R,R,R,R,R,R,R,R,R,R,R,R,R,R,R,R,R,R,R,R,R,R,R,R,R,N,N,N,N,N,R,R,R,R,R,R,R,R,R,R,R,R,R,R,R,R,A,R,R,R,R,R,R,R,R,R,R,R,R,R,R,R,R,R,R,R,R,R,R,R,R,R,R,R,R,R,R,R,R,R,R,R,R,R,R,R,R,R,R,R,R,R,R,R,R,R,R,R,R,R,R,R,R,R,R,R,R,R,R,R,I,I,R,Burrillville,183,0.8251366120218578
4400120,40000000010300,44,44007,148,39300,Central Falls,Rhode Island,RI,03,3,18,1,1,PK,12,2518.0,2502.0,53327000.0,7443000.0,2230000.0,789000.0,265000.0,0.0,70000.0,188000.0,1114000.0,1713000.0,0.0,0.0,0.0,1074000.0,45038000.0,40089000.0,0.0,0.0,0.0,187000.0,0.0,0.0,593000.0,1400000.0,0.0,902000.0,0.0,1819000.0,48000.0,846000.0,0.0,-2.0,-2.0,-2.0,-2.0,-2.0,0.0,0.0,0.0,0.0,298000.0,0.0,4000.0,0.0,0.0,35000.0,0.0,0.0,0.0,509000.0,0.0,0.0,52709000.0,45286000.0,25530000.0,25530000.0,865000.0,4125000.0,17171000.0,7937000.0,1134000.0,726000.0,1659000.0,2222000.0,517000.0,2976000.0,0.0,2585000.0,2584000.0,1000.0,0.0,208000.0,0.0,6000.0,202000.0,556000.0,189000.0,0.0,99000.0,268000.0,0.0,0.0,0.0,1547000.0,122000.0,25407000.0,16850000.0,8830000.0,3460000.0,0.0,2966000.0,4094000.0,710000.0,417000.0,1037000.0,152000.0,223000.0,1700000.0,224000.0,11674000.0,7757000.0,1916000.0,227000.0,182000.0,498000.0,71000.0,73000.0,917000.0,33000.0,1000.0,128000.0,7685000.0,0.0,1505000.0,6180000.0,0.0,0.0,0.0,0.0,0.0,606000.0,344000.0,294000.0,38353000.0,5053000.0,0.0,1.0,R,R,R,R,R,R,R,R,R,R,R,R,R,R,R,R,R,R,R,R,R,R,R,R,R,R,R,R,R,N,N,N,N,N,R,R,R,R,R,R,R,R,R,R,R,R,R,R,R,R,R,R,R,R,R,R,R,R,R,R,R,R,I,R,R,R,R,R,R,R,R,R,R,R,R,R,I,R,R,R,R,R,R,R,R,R,R,R,R,R,R,R,R,R,R,R,R,R,R,R,R,R,A,R,R,I,R,R,R,R,R,R,R,R,I,I,R,Central Falls,184,0.75
4400150,40500550100000,44,44009,148,39300,Chariho,Rhode Island,RI,03,3,18,1,1,PK,12,3211.0,3207.0,63256000.0,2271000.0,311000.0,803000.0,122000.0,10000.0,217000.0,1000.0,469000.0,338000.0,0.0,0.0,0.0,0.0,17653000.0,13321000.0,0.0,0.0,0.0,0.0,0.0,211000.0,12000.0,1316000.0,0.0,12000.0,0.0,2475000.0,306000.0,43332000.0,-2.0,40204000.0,0.0,0.0,0.0,0.0,2062000.0,0.0,96000.0,0.0,510000.0,0.0,22000.0,0.0,0.0,5000.0,106000.0,47000.0,0.0,196000.0,84000.0,0.0,65492000.0,55646000.0,32688000.0,32688000.0,983000.0,963000.0,22092000.0,5856000.0,2820000.0,658000.0,2923000.0,4351000.0,3420000.0,2064000.0,0.0,866000.0,865000.0,1000.0,0.0,908000.0,0.0,70000.0,838000.0,5664000.0,4986000.0,127000.0,154000.0,397000.0,0.0,0.0,0.0,472000.0,856000.0,32902000.0,22411000.0,16108000.0,2222000.0,1187000.0,388000.0,3362000.0,1813000.0,339000.0,2003000.0,1722000.0,0.0,1250000.0,0.0,14090000.0,9506000.0,1475000.0,787000.0,122000.0,857000.0,768000.0,0.0,574000.0,0.0,0.0,114000.0,28536000.0,0.0,986000.0,27551000.0,0.0,0.0,0.0,0.0,0.0,882000.0,1017000.0,373000.0,51806000.0,1362000.0,0.0,1.0,R,R,R,R,R,R,R,R,R,R,R,R,R,R,R,R,R,R,R,R,R,R,R,R,R,R,R,R,N,R,R,R,R,R,R,R,R,R,R,R,R,R,R,R,R,R,R,R,R,R,R,R,R,R,R,R,R,R,R,R,R,R,R,R,R,R,R,R,R,R,R,R,R,R,R,I,R,R,R,R,R,R,R,R,R,R,R,R,R,R,R,R,R,R,R,R,R,R,R,R,R,R,A,R,R,I,R,R,R,R,R,R,R,R,I,I,R,Chariho,251,0.8804780876494024
4400210,40300200130100,44,44003,148,39300,Coventry,Rhode Island,RI,03,3,18,1,1,PK,12,4746.0,4729.0,78305000.0,4021000.0,574000.0,1412000.0,183000.0,0.0,248000.0,0.0,848000.0,756000.0,0.0,0.0,0.0,0.0,28316000.0,23189000.0,0.0,0.0,0.0,1000.0,0.0,50000.0,20000.0,1314000.0,0.0,21000.0,0.0,3708000.0,13000.0,45968000.0,44224000.0,-2.0,-2.0,-2.0,-2.0,-2.0,822000.0,0.0,56000.0,0.0,684000.0,3000.0,8000.0,0.0,0.0,77000.0,0.0,0.0,0.0,6000.0,88000.0,0.0,77462000.0,72249000.0,48278000.0,48278000.0,1699000.0,525000.0,22397000.0,6138000.0,2228000.0,796000.0,3017000.0,5303000.0,3226000.0,1689000.0,0.0,1574000.0,1574000.0,0.0,0.0,1098000.0,0.0,37000.0,1061000.0,779000.0,131000.0,0.0,440000.0,208000.0,0.0,0.0,0.0,616000.0,496000.0,45060000.0,33814000.0,24044000.0,5349000.0,891000.0,249000.0,4069000.0,1486000.0,445000.0,1951000.0,2241000.0,0.0,1054000.0,0.0,19128000.0,14173000.0,1697000.0,592000.0,165000.0,938000.0,1100000.0,0.0,462000.0,0.0,0.0,80000.0,10376000.0,0.0,2335000.0,8041000.0,0.0,0.0,0.0,0.0,0.0,1242000.0,325000.0,524000.0,66253000.0,2286000.0,0.0,1.0,R,R,R,R,R,R,R,R,R,R,R,R,R,R,R,R,R,R,R,R,R,R,R,R,R,R,R,R,R,N,N,N,N,N,R,R,R,R,R,R,R,R,R,R,R,R,R,R,R,R,R,R,R,R,R,R,R,R,R,R,R,R,R,R,R,R,R,R,R,R,R,R,R,R,R,R,R,R,R,R,R,R,R,R,R,R,R,R,R,R,R,R,R,R,R,R,R,R,R,R,R,R,A,R,R,I,R,R,R,R,R,R,R,R,I,I,R,Coventry,367,0.9237057220708447
4400240,40200400230100,44,44007,148,39300,Cranston,Rhode Island,RI,03,2,18,1,1,PK,12,10364.0,10210.0,177255000.0,11419000.0,2461000.0,3216000.0,463000.0,0.0,613000.0,95000.0,1736000.0,2748000.0,0.0,0.0,0.0,87000.0,69603000.0,58172000.0,0.0,0.0,0.0,63000.0,0.0,219000.0,23000.0,2571000.0,0.0,184000.0,0.0,7601000.0,770000.0,96233000.0,93603000.0,-2.0,-2.0,-2.0,-2.0,-2.0,768000.0,0.0,230000.0,0.0,1062000.0,0.0,198000.0,0.0,0.0,99000.0,0.0,0.0,0.0,271000.0,2000.0,0.0,174948000.0,156329000.0,97359000.0,97359000.0,6930000.0,2619000.0,55469000.0,19612000.0,2986000.0,1530000.0,7672000.0,10636000.0,6354000.0,6679000.0,0.0,3501000.0,3501000.0,0.0,0.0,1689000.0,112000.0,475000.0,1102000.0,2640000.0,441000.0,0.0,955000.0,1244000.0,0.0,0.0,0.0,2867000.0,1874000.0,99010000.0,67644000.0,49004000.0,11580000.0,1233000.0,2301000.0,11946000.0,1860000.0,870000.0,5301000.0,3907000.0,3270000.0,4171000.0,43000.0,43855000.0,28653000.0,6501000.0,647000.0,319000.0,2191000.0,1832000.0,1938000.0,1751000.0,23000.0,0.0,570000.0,35741000.0,5000000.0,5188000.0,35554000.0,0.0,0.0,0.0,0.0,0.0,2360000.0,447000.0,1273000.0,141891000.0,6837000.0,930000.0,1.0,R,R,R,R,R,R,R,R,R,R,R,R,R,R,R,R,R,R,R,R,R,R,R,R,R,R,R,R,R,N,N,N,N,N,R,R,R,R,R,R,R,R,R,R,R,R,R,R,R,R,R,R,R,R,R,R,R,R,R,R,R,R,R,R,R,R,R,R,R,R,R,R,R,R,R,R,R,R,R,R,R,R,R,R,R,R,R,R,R,R,R,R,R,R,R,R,R,R,R,R,R,R,A,R,R,I,R,R,R,R,R,R,R,R,I,I,R,Cranston,794,0.8602015113350125
4400270,40300400230100,44,44007,148,39300,Cumberland,Rhode Island,RI,03,3,18,1,1,PK,12,4647.0,4607.0,74439000.0,4228000.0,515000.0,1242000.0,157000.0,0.0,0.0,25000.0,549000.0,1700000.0,0.0,0.0,0.0,40000.0,25299000.0,19077000.0,33000.0,0.0,0.0,0.0,0.0,0.0,24000.0,2838000.0,0.0,29000.0,0.0,3186000.0,112000.0,44912000.0,43580000.0,-2.0,-2.0,-2.0,-2.0,-2.0,19000.0,0.0,105000.0,0.0,965000.0,0.0,0.0,0.0,0.0,179000.0,0.0,0.0,0.0,33000.0,31000.0,0.0,71803000.0,63522000.0,39484000.0,39484000.0,1671000.0,3539000.0,21508000.0,6208000.0,2086000.0,1090000.0,2727000.0,4504000.0,2642000.0,2251000.0,0.0,2530000.0,2530000.0,0.0,0.0,480000.0,0.0,0.0,480000.0,1066000.0,403000.0,0.0,402000.0,261000.0,0.0,0.0,0.0,320000.0,1205000.0,38144000.0,27440000.0,20087000.0,4474000.0,0.0,849000.0,3749000.0,1538000.0,652000.0,1940000.0,1312000.0,151000.0,1339000.0,23000.0,15562000.0,11398000.0,1634000.0,392000.0,251000.0,743000.0,600000.0,25000.0,514000.0,5000.0,0.0,154000.0,35363000.0,0.0,3110000.0,32253000.0,0.0,0.0,0.0,0.0,0.0,1089000.0,535000.0,309000.0,58378000.0,1958000.0,0.0,1.0,R,R,R,R,R,R,R,R,R,R,R,R,R,R,R,R,R,R,R,R,R,R,R,R,R,R,R,R,R,N,N,N,N,N,R,R,R,R,R,R,R,R,R,R,R,R,R,R,R,R,R,R,R,R,R,R,R,R,R,R,R,R,R,R,R,R,R,R,R,R,R,R,R,R,R,R,R,R,R,R,R,R,R,R,R,R,R,R,R,R,R,R,R,R,R,R,R,R,R,R,R,R,A,R,R,I,R,R,R,R,R,R,R,R,I,I,R,Cumberland,291,0.8213058419243987
4400300,40300200230100,44,44003,148,39300,East Greenwich,Rhode Island,RI,03,3,18,1,1,PK,12,2498.0,2485.0,42336000.0,1539000.0,149000.0,549000.0,10000.0,0.0,0.0,3000.0,410000.0,418000.0,0.0,0.0,0.0,0.0,6250000.0,2672000.0,0.0,0.0,0.0,0.0,0.0,0.0,110000.0,1536000.0,0.0,0.0,0.0,1860000.0,72000.0,34547000.0,34019000.0,-2.0,-2.0,-2.0,-2.0,-2.0,0.0,0.0,76000.0,0.0,0.0,0.0,0.0,0.0,0.0,53000.0,0.0,37000.0,0.0,8000.0,354000.0,0.0,42446000.0,37978000.0,23243000.0,23243000.0,1368000.0,125000.0,14202000.0,4406000.0,1075000.0,561000.0,2139000.0,3210000.0,1757000.0,1054000.0,0.0,533000.0,533000.0,0.0,0.0,394000.0,0.0,0.0,394000.0,856000.0,202000.0,0.0,474000.0,180000.0,0.0,0.0,0.0,177000.0,1548000.0,22758000.0,16302000.0,11957000.0,2600000.0,0.0,87000.0,2430000.0,742000.0,300000.0,1283000.0,1023000.0,0.0,678000.0,0.0,9600000.0,6778000.0,1006000.0,298000.0,120000.0,657000.0,492000.0,0.0,250000.0,0.0,0.0,57000.0,44587000.0,0.0,2696000.0,41891000.0,0.0,0.0,0.0,0.0,0.0,817000.0,320000.0,556000.0,35427000.0,691000.0,22000.0,1.0,R,R,R,R,R,R,R,R,R,R,R,R,R,R,R,R,R,R,R,R,R,R,R,R,R,R,R,R,R,N,N,N,N,N,R,R,R,R,R,R,R,R,R,R,R,R,R,R,R,R,R,R,R,R,R,R,R,R,R,R,R,R,R,R,R,R,R,R,R,R,R,R,R,R,R,R,R,R,R,R,R,R,R,R,R,R,R,R,R,R,R,R,R,R,R,R,R,R,R,R,R,R,A,R,R,I,R,R,R,R,R,R,R,R,I,I,R,East Greenwich,185,0.9729729729729728
4400330,40200450130100,44,44007,148,39300,East Providence,Rhode Island,RI,03,3,18,1,1,PK,12,5267.0,5190.0,96220000.0,5479000.0,1712000.0,1523000.0,316000.0,0.0,298000.0,20000.0,1512000.0,98000.0,0.0,0.0,0.0,0.0,43711000.0,35568000.0,0.0,0.0,0.0,33000.0,0.0,142000.0,1434000.0,1991000.0,0.0,1295000.0,0.0,3245000.0,3000.0,47030000.0,45549000.0,-2.0,-2.0,-2.0,-2.0,-2.0,199000.0,0.0,0.0,0.0,769000.0,0.0,6000.0,0.0,0.0,43000.0,6000.0,4000.0,0.0,53000.0,401000.0,0.0,94927000.0,83367000.0,49828000.0,49828000.0,3934000.0,409000.0,31386000.0,8723000.0,2208000.0,912000.0,5023000.0,8014000.0,3459000.0,3047000.0,0.0,2153000.0,2153000.0,0.0,0.0,1460000.0,0.0,50000.0,1410000.0,2177000.0,967000.0,91000.0,826000.0,293000.0,0.0,0.0,0.0,2859000.0,721000.0,49825000.0,33921000.0,22577000.0,5552000.0,1086000.0,668000.0,5422000.0,1364000.0,491000.0,3388000.0,3393000.0,115000.0,1731000.0,0.0,22938000.0,15394000.0,2407000.0,510000.0,216000.0,1608000.0,1865000.0,63000.0,875000.0,0.0,0.0,371000.0,33973000.0,0.0,2176000.0,31797000.0,0.0,0.0,0.0,0.0,0.0,1429000.0,792000.0,659000.0,76336000.0,3786000.0,0.0,1.0,R,R,R,R,R,R,R,R,R,R,R,R,R,R,R,R,R,R,R,R,R,R,R,R,R,R,R,R,R,N,N,N,N,N,R,R,R,R,R,R,R,R,R,R,R,R,R,R,R,R,R,R,R,R,R,R,R,R,R,R,R,R,R,R,R,R,R,R,R,R,R,R,R,R,R,R,R,R,R,R,R,R,R,R,R,R,R,R,R,R,R,R,R,R,R,R,R,R,R,R,R,R,A,R,R,I,R,R,R,R,R,R,R,R,I,I,R,East Providence,372,0.8602150537634408
4400360,40500570100000,44,44003,148,39300,Exeter-West Greenwich,Rhode Island,RI,03,3,18,1,1,PK,12,1680.0,1663.0,35147000.0,1128000.0,149000.0,480000.0,56000.0,0.0,0.0,0.0,306000.0,137000.0,0.0,0.0,0.0,0.0,8755000.0,6074000.0,0.0,0.0,0.0,1000.0,0.0,150000.0,5000.0,1116000.0,0.0,0.0,0.0,1294000.0,115000.0,25264000.0,-2.0,24824000.0,0.0,0.0,0.0,0.0,0.0,0.0,94000.0,0.0,297000.0,0.0,2000.0,0.0,0.0,0.0,8000.0,3000.0,0.0,25000.0,11000.0,0.0,35999000.0,32256000.0,19892000.0,19892000.0,1339000.0,403000.0,11980000.0,2853000.0,1167000.0,383000.0,1822000.0,2188000.0,1995000.0,1572000.0,0.0,384000.0,384000.0,0.0,0.0,844000.0,0.0,0.0,844000.0,684000.0,514000.0,0.0,46000.0,124000.0,0.0,0.0,0.0,303000.0,170000.0,17394000.0,11873000.0,9113000.0,1589000.0,0.0,84000.0,1712000.0,767000.0,228000.0,1118000.0,793000.0,0.0,903000.0,0.0,9043000.0,6295000.0,812000.0,289000.0,91000.0,608000.0,436000.0,0.0,512000.0,0.0,0.0,50000.0,5305000.0,0.0,485000.0,4820000.0,0.0,0.0,0.0,0.0,3454000.0,478000.0,442000.0,124000.0,28569000.0,651000.0,0.0,1.0,R,R,R,R,R,R,R,R,R,R,R,R,R,R,R,R,R,R,R,R,R,R,R,R,R,R,R,R,N,R,R,R,R,R,R,R,R,R,R,R,R,R,R,R,R,R,R,R,R,R,A,R,R,R,R,R,R,R,R,R,R,R,R,R,R,R,R,R,R,R,R,R,R,R,R,R,R,R,R,R,R,R,R,R,R,R,R,R,R,R,R,R,R,R,R,R,R,R,R,R,R,R,A,R,R,I,R,R,R,R,R,R,R,R,I,I,R,Exeter-West Greenwich,131,0.9465648854961831
4400420,40500450100000,44,44007,148,39300,Foster-Glocester,Rhode Island,RI,03,3,18,1,1,06,12,1257.0,1252.0,28167000.0,688000.0,95000.0,252000.0,36000.0,0.0,41000.0,0.0,147000.0,117000.0,0.0,0.0,0.0,0.0,9551000.0,4701000.0,0.0,0.0,0.0,0.0,0.0,237000.0,4000.0,3328000.0,330000.0,1000.0,0.0,950000.0,0.0,17928000.0,-2.0,15341000.0,0.0,0.0,0.0,0.0,2311000.0,0.0,0.0,0.0,235000.0,0.0,0.0,0.0,0.0,21000.0,0.0,1000.0,0.0,19000.0,0.0,0.0,25378000.0,21792000.0,12402000.0,12402000.0,205000.0,25000.0,9025000.0,1849000.0,751000.0,377000.0,1154000.0,2675000.0,1188000.0,1031000.0,0.0,365000.0,365000.0,0.0,0.0,193000.0,0.0,0.0,193000.0,1582000.0,421000.0,184000.0,643000.0,334000.0,0.0,0.0,0.0,182000.0,1399000.0,12452000.0,8339000.0,5850000.0,921000.0,898000.0,17000.0,1077000.0,556000.0,223000.0,740000.0,880000.0,5000.0,633000.0,0.0,5349000.0,3638000.0,442000.0,114000.0,76000.0,329000.0,481000.0,0.0,269000.0,0.0,0.0,36000.0,37772000.0,0.0,3500000.0,34272000.0,0.0,0.0,0.0,0.0,4077000.0,598000.0,250000.0,647000.0,20426000.0,419000.0,0.0,1.0,R,R,R,R,R,R,R,R,R,R,R,R,R,R,R,R,R,R,R,R,R,R,R,R,R,R,R,R,N,R,R,R,R,R,R,R,R,R,R,R,R,R,R,R,R,R,R,R,R,R,R,R,R,R,R,R,R,R,R,R,R,R,R,R,R,R,R,R,R,R,R,R,R,R,R,R,R,R,R,R,R,R,R,R,R,R,R,R,R,R,R,R,R,R,R,R,R,R,R,R,R,R,A,R,R,I,R,R,R,R,R,R,R,R,I,I,R,Foster-Glocester,175,0.92
4400510,40300300130100,44,44005,148,39300,Jamestown,Rhode Island,RI,01,3,18,1,1,PK,12,494.0,488.0,12920000.0,623000.0,143000.0,194000.0,34000.0,0.0,0.0,0.0,137000.0,31000.0,0.0,84000.0,0.0,0.0,946000.0,474000.0,0.0,0.0,0.0,0.0,0.0,0.0,2000.0,42000.0,0.0,0.0,0.0,428000.0,0.0,11351000.0,11196000.0,-2.0,-2.0,-2.0,-2.0,-2.0,0.0,0.0,52000.0,0.0,95000.0,0.0,5000.0,0.0,0.0,0.0,0.0,0.0,0.0,3000.0,0.0,0.0,13947000.0,10003000.0,6184000.0,6184000.0,674000.0,49000.0,3675000.0,761000.0,344000.0,294000.0,477000.0,744000.0,378000.0,677000.0,0.0,144000.0,144000.0,0.0,0.0,490000.0,0.0,0.0,490000.0,157000.0,102000.0,0.0,25000.0,30000.0,0.0,0.0,0.0,2532000.0,42000.0,5849000.0,3869000.0,2773000.0,584000.0,0.0,17000.0,469000.0,212000.0,195000.0,327000.0,308000.0,35000.0,433000.0,0.0,2446000.0,1717000.0,157000.0,63000.0,72000.0,137000.0,136000.0,6000.0,159000.0,0.0,0.0,0.0,747000.0,0.0,245000.0,503000.0,0.0,0.0,0.0,0.0,0.0,136000.0,95000.0,32000.0,8501000.0,351000.0,0.0,1.0,R,R,R,R,R,R,R,R,R,R,R,R,R,R,R,R,R,R,R,R,R,R,R,R,R,R,R,R,R,N,N,N,N,N,R,R,R,R,R,R,R,R,R,R,R,R,R,R,R,R,A,R,R,R,R,R,R,R,R,R,R,R,R,R,R,R,R,R,R,R,R,R,R,R,R,R,R,R,R,R,R,R,R,R,R,R,R,R,R,R,R,R,R,R,R,R,R,R,R,R,R,R,A,R,R,I,R,R,R,R,R,R,R,R,I,I,R,Jamestown,2,
4400540,40300400630100,44,44007,148,39300,Johnston,Rhode Island,RI,03,3,18,1,1,PK,12,3265.0,3193.0,64141000.0,3931000.0,820000.0,1126000.0,197000.0,2000.0,22000.0,28000.0,1042000.0,694000.0,0.0,0.0,0.0,0.0,21812000.0,18318000.0,0.0,0.0,0.0,21000.0,0.0,0.0,15000.0,454000.0,0.0,154000.0,0.0,2550000.0,300000.0,38398000.0,37529000.0,-2.0,-2.0,-2.0,-2.0,-2.0,0.0,0.0,95000.0,0.0,461000.0,0.0,2000.0,0.0,0.0,236000.0,0.0,15000.0,0.0,53000.0,7000.0,0.0,63740000.0,55109000.0,32315000.0,32315000.0,3142000.0,537000.0,21693000.0,7818000.0,2060000.0,633000.0,2689000.0,3374000.0,2980000.0,2139000.0,0.0,1101000.0,1101000.0,0.0,0.0,2406000.0,0.0,0.0,2406000.0,1114000.0,0.0,0.0,524000.0,590000.0,0.0,0.0,0.0,1306000.0,126000.0,31088000.0,21034000.0,14987000.0,3951000.0,0.0,530000.0,4597000.0,995000.0,339000.0,1657000.0,1066000.0,420000.0,975000.0,4000.0,16764000.0,11138000.0,2239000.0,260000.0,167000.0,992000.0,828000.0,395000.0,745000.0,0.0,0.0,127000.0,888000.0,731000.0,719000.0,900000.0,0.0,0.0,0.0,0.0,0.0,713000.0,328000.0,553000.0,50549000.0,2012000.0,0.0,1.0,R,R,R,R,R,R,R,R,R,R,R,R,R,R,R,R,R,R,R,R,R,R,R,R,R,R,R,R,R,N,N,N,N,N,R,R,R,R,R,R,R,R,R,R,R,R,R,R,R,R,R,R,R,R,R,R,R,R,R,R,R,R,R,R,R,R,R,R,R,R,R,R,R,R,R,R,R,R,R,R,R,R,R,R,R,R,R,R,R,R,R,R,R,R,R,R,R,R,R,R,R,R,A,R,R,I,R,R,R,R,R,R,R,R,I,I,R,Johnston,197,0.9187817258883249
4400570,40300400730100,44,44007,148,39300,Lincoln,Rhode Island,RI,03,3,18,1,1,PK,12,3083.0,3050.0,60157000.0,2347000.0,371000.0,862000.0,129000.0,7000.0,78000.0,12000.0,888000.0,0.0,0.0,0.0,0.0,0.0,16530000.0,12510000.0,0.0,0.0,0.0,0.0,0.0,0.0,453000.0,1008000.0,0.0,2000.0,0.0,2557000.0,0.0,41280000.0,40706000.0,-2.0,-2.0,-2.0,-2.0,-2.0,0.0,0.0,47000.0,0.0,465000.0,0.0,31000.0,0.0,0.0,22000.0,0.0,2000.0,0.0,4000.0,3000.0,0.0,59990000.0,51615000.0,31522000.0,31522000.0,1922000.0,2770000.0,19255000.0,5176000.0,2492000.0,527000.0,2370000.0,4460000.0,2564000.0,1666000.0,0.0,838000.0,838000.0,0.0,0.0,1105000.0,0.0,0.0,1105000.0,452000.0,136000.0,0.0,171000.0,145000.0,0.0,0.0,0.0,1284000.0,842000.0,31115000.0,21448000.0,16007000.0,3392000.0,3000.0,258000.0,3131000.0,1758000.0,257000.0,1557000.0,1858000.0,10000.0,1097000.0,0.0,13667000.0,9388000.0,1307000.0,541000.0,107000.0,744000.0,1146000.0,5000.0,428000.0,0.0,0.0,72000.0,22025000.0,0.0,1645000.0,20380000.0,0.0,0.0,0.0,0.0,0.0,633000.0,442000.0,255000.0,47657000.0,1401000.0,0.0,1.0,R,R,R,R,R,R,R,R,R,R,R,R,R,R,R,R,R,R,R,R,R,R,R,R,R,R,R,R,R,N,N,N,N,N,R,R,R,R,R,R,R,R,R,R,R,R,R,R,R,R,R,R,R,R,R,R,R,R,R,R,R,R,R,R,R,R,R,R,R,R,R,R,R,R,R,R,R,R,R,R,R,R,R,R,R,R,R,R,R,R,R,R,R,R,R,R,R,R,R,R,R,R,A,R,R,I,R,R,R,R,R,R,R,R,I,I,R,Lincoln,192,0.8802083333333333
4400630,40300300330100,44,44005,148,39300,Middletown,Rhode Island,RI,03,3,18,1,1,PK,12,2181.0,2141.0,40562000.0,3181000.0,402000.0,712000.0,86000.0,0.0,5000.0,23000.0,472000.0,327000.0,0.0,1154000.0,0.0,0.0,10351000.0,8254000.0,0.0,0.0,0.0,7000.0,0.0,50000.0,10000.0,214000.0,0.0,1000.0,0.0,1815000.0,0.0,27030000.0,26229000.0,-2.0,-2.0,-2.0,-2.0,-2.0,0.0,0.0,0.0,0.0,426000.0,0.0,70000.0,0.0,0.0,105000.0,0.0,88000.0,0.0,98000.0,14000.0,0.0,45694000.0,38529000.0,23470000.0,23470000.0,2357000.0,13000.0,14338000.0,4236000.0,571000.0,813000.0,1595000.0,3638000.0,1776000.0,1709000.0,0.0,721000.0,721000.0,0.0,0.0,1198000.0,43000.0,0.0,1155000.0,2629000.0,1579000.0,568000.0,313000.0,169000.0,0.0,0.0,0.0,606000.0,362000.0,21628000.0,14985000.0,11706000.0,2427000.0,0.0,99000.0,2378000.0,348000.0,508000.0,1050000.0,1301000.0,103000.0,952000.0,3000.0,8928000.0,6119000.0,1022000.0,99000.0,191000.0,449000.0,645000.0,17000.0,384000.0,0.0,0.0,17000.0,9302000.0,0.0,814000.0,8488000.0,0.0,0.0,0.0,0.0,0.0,642000.0,562000.0,351000.0,33134000.0,1209000.0,0.0,1.0,R,R,R,R,R,R,R,R,R,R,R,R,R,R,R,R,R,R,R,R,R,R,R,R,R,R,R,R,R,N,N,N,N,N,R,R,R,R,R,R,R,R,R,R,R,R,R,R,R,R,A,R,R,R,R,R,R,R,R,R,R,R,R,R,R,R,R,R,R,R,R,R,R,R,R,R,R,R,R,R,R,R,R,R,R,R,R,R,R,R,R,R,R,R,R,R,R,R,R,R,R,R,A,R,R,I,R,R,R,R,R,R,R,R,I,I,R,Middletown,140,0.8571428571428571
4400660,40300500430100,44,44009,148,39300,Narragansett,Rhode Island,RI,03,3,18,1,1,PK,12,1323.0,1310.0,32330000.0,1211000.0,177000.0,451000.0,50000.0,0.0,14000.0,0.0,277000.0,126000.0,0.0,0.0,0.0,116000.0,4383000.0,2139000.0,0.0,0.0,0.0,0.0,0.0,75000.0,4000.0,1115000.0,0.0,1000.0,0.0,1049000.0,0.0,26736000.0,25662000.0,-2.0,-2.0,-2.0,-2.0,-2.0,611000.0,0.0,41000.0,4000.0,234000.0,0.0,18000.0,0.0,0.0,15000.0,0.0,78000.0,0.0,34000.0,39000.0,0.0,30699000.0,26956000.0,14815000.0,14815000.0,892000.0,206000.0,11736000.0,3239000.0,1494000.0,502000.0,1629000.0,2668000.0,1198000.0,1006000.0,0.0,405000.0,401000.0,4000.0,0.0,523000.0,0.0,0.0,523000.0,1224000.0,423000.0,101000.0,460000.0,240000.0,0.0,0.0,0.0,242000.0,656000.0,16517000.0,10135000.0,6812000.0,1646000.0,242000.0,291000.0,1984000.0,913000.0,278000.0,1018000.0,1021000.0,612000.0,536000.0,17000.0,8095000.0,4568000.0,952000.0,405000.0,151000.0,525000.0,745000.0,411000.0,335000.0,2000.0,0.0,68000.0,15320000.0,0.0,930000.0,14390000.0,0.0,0.0,0.0,0.0,0.0,420000.0,271000.0,445000.0,25123000.0,782000.0,0.0,1.0,R,R,R,R,R,R,R,R,R,R,R,R,R,R,R,R,R,R,R,R,R,R,R,R,R,R,R,R,R,N,N,N,N,N,R,R,R,R,R,R,R,R,R,R,R,R,R,R,R,R,R,R,R,R,R,R,R,R,R,R,R,R,R,R,R,R,R,R,R,R,R,R,R,R,R,R,R,R,R,R,R,R,R,R,R,R,R,R,R,R,R,R,R,R,R,R,R,R,R,R,R,R,A,R,R,I,R,R,R,R,R,R,R,R,I,I,R,Narragansett,120,0.8583333333333333
4400690,40300580130100,44,44009,148,39300,New Shoreham,Rhode Island,RI,03,3,18,1,1,KG,12,120.0,120.0,5765000.0,111000.0,2000.0,25000.0,0.0,0.0,0.0,2000.0,33000.0,14000.0,0.0,0.0,0.0,35000.0,837000.0,142000.0,1000.0,0.0,0.0,0.0,0.0,0.0,0.0,210000.0,0.0,265000.0,0.0,219000.0,0.0,4817000.0,4775000.0,-2.0,-2.0,-2.0,-2.0,-2.0,0.0,0.0,0.0,0.0,35000.0,0.0,0.0,0.0,0.0,0.0,0.0,7000.0,0.0,0.0,0.0,0.0,5678000.0,5017000.0,3146000.0,3146000.0,2000.0,0.0,1790000.0,382000.0,161000.0,183000.0,328000.0,450000.0,101000.0,185000.0,0.0,81000.0,81000.0,0.0,0.0,62000.0,0.0,0.0,62000.0,452000.0,333000.0,73000.0,46000.0,0.0,0.0,0.0,0.0,29000.0,116000.0,2956000.0,2068000.0,1458000.0,308000.0,0.0,68000.0,245000.0,100000.0,123000.0,182000.0,123000.0,9000.0,98000.0,10000.0,1352000.0,1000000.0,88000.0,36000.0,46000.0,74000.0,63000.0,2000.0,41000.0,3000.0,0.0,9000.0,0.0,0.0,588000.0,0.0,0.0,0.0,0.0,0.0,0.0,129000.0,106000.0,43000.0,4765000.0,34000.0,0.0,1.0,R,R,R,R,R,R,R,R,R,R,R,R,R,R,R,R,R,R,R,R,R,R,R,R,R,R,R,R,R,N,N,N,N,N,R,R,R,R,R,R,R,R,R,R,R,R,R,R,R,R,R,R,R,R,R,R,R,R,R,R,R,R,R,R,R,R,R,R,R,R,R,R,R,R,R,R,R,R,R,R,R,R,R,R,R,R,R,R,R,R,R,R,R,R,R,R,R,R,R,R,R,R,R,R,R,R,R,R,R,R,R,R,R,R,I,R,R,New Shoreham,9,
4400720,40200300130100,44,44005,148,39300,Newport,Rhode Island,RI,03,3,18,1,1,PK,12,2237.0,2211.0,46536000.0,4117000.0,910000.0,779000.0,142000.0,0.0,216000.0,28000.0,443000.0,957000.0,0.0,561000.0,0.0,81000.0,14971000.0,11567000.0,0.0,0.0,0.0,22000.0,0.0,49000.0,0.0,1565000.0,0.0,8000.0,0.0,1760000.0,0.0,27448000.0,25585000.0,-2.0,-2.0,-2.0,-2.0,-2.0,804000.0,0.0,0.0,0.0,145000.0,0.0,0.0,0.0,0.0,167000.0,0.0,152000.0,0.0,438000.0,157000.0,0.0,48633000.0,41501000.0,24673000.0,24673000.0,1323000.0,0.0,15648000.0,4913000.0,1148000.0,469000.0,1955000.0,3916000.0,1672000.0,1575000.0,0.0,1180000.0,1179000.0,1000.0,0.0,3394000.0,0.0,69000.0,3325000.0,605000.0,0.0,0.0,593000.0,12000.0,0.0,0.0,0.0,472000.0,1338000.0,24418000.0,17328000.0,11614000.0,2373000.0,586000.0,738000.0,2775000.0,688000.0,242000.0,1285000.0,1083000.0,17000.0,910000.0,90000.0,10024000.0,6876000.0,1231000.0,196000.0,91000.0,583000.0,592000.0,6000.0,435000.0,13000.0,0.0,38000.0,32764000.0,0.0,2689000.0,30075000.0,0.0,0.0,0.0,0.0,0.0,1045000.0,464000.0,87000.0,37799000.0,1941000.0,0.0,1.0,R,R,R,R,R,R,R,R,R,R,R,R,R,R,R,R,R,R,R,R,R,R,R,R,R,R,R,R,R,N,N,N,N,N,R,R,R,R,R,R,R,R,R,R,R,R,R,R,R,R,R,R,R,R,R,R,R,R,R,R,R,R,R,R,R,R,R,R,R,R,R,R,R,R,R,R,R,R,R,R,R,R,R,R,R,R,R,R,R,R,R,R,R,R,R,R,R,R,R,R,R,R,A,R,R,I,R,R,R,R,R,R,R,R,I,I,R,Newport,178,0.8426966292134831
4400750,40300500530100,44,44009,148,39300,North Kingstown,Rhode Island,RI,03,3,18,1,1,PK,12,3955.0,3920.0,71383000.0,2710000.0,490000.0,972000.0,149000.0,0.0,10000.0,6000.0,554000.0,436000.0,0.0,0.0,0.0,93000.0,15000000.0,10747000.0,0.0,0.0,0.0,3000.0,0.0,50000.0,12000.0,1115000.0,0.0,39000.0,0.0,3034000.0,0.0,53673000.0,50209000.0,-2.0,-2.0,-2.0,-2.0,-2.0,2644000.0,0.0,100000.0,0.0,446000.0,0.0,84000.0,0.0,64000.0,15000.0,5000.0,0.0,0.0,85000.0,21000.0,0.0,72271000.0,63984000.0,39369000.0,39369000.0,2168000.0,1283000.0,23541000.0,6135000.0,2830000.0,723000.0,3496000.0,4813000.0,3198000.0,2346000.0,0.0,1074000.0,999000.0,75000.0,0.0,819000.0,127000.0,0.0,692000.0,2520000.0,811000.0,49000.0,646000.0,1014000.0,0.0,0.0,0.0,646000.0,851000.0,37657000.0,25828000.0,18679000.0,4059000.0,207000.0,733000.0,3812000.0,1923000.0,286000.0,2291000.0,671000.0,922000.0,1474000.0,397000.0,17455000.0,12083000.0,1772000.0,704000.0,135000.0,1043000.0,356000.0,500000.0,676000.0,182000.0,4000.0,52000.0,28186000.0,0.0,2218000.0,25968000.0,0.0,0.0,0.0,0.0,0.0,1112000.0,456000.0,640000.0,59302000.0,1650000.0,0.0,1.0,R,R,R,R,R,R,R,R,R,R,R,R,R,R,R,R,R,R,R,R,R,R,R,R,R,R,R,R,R,N,N,N,N,N,R,R,R,R,R,R,R,R,R,R,R,R,R,R,R,R,R,R,R,R,R,R,R,R,R,R,R,R,R,R,R,R,R,R,R,R,R,R,R,R,R,R,R,R,R,R,R,R,R,R,R,R,R,R,R,R,R,R,R,R,R,R,R,R,R,R,R,R,A,R,R,I,R,R,R,R,R,R,R,R,I,I,R,North Kingstown,345,0.8869565217391304
4400780,40300400830100,44,44007,148,39300,North Providence,Rhode Island,RI,03,3,18,1,1,PK,12,3631.0,3561.0,62641000.0,2629000.0,778000.0,950000.0,59000.0,0.0,127000.0,6000.0,0.0,709000.0,0.0,0.0,0.0,0.0,25374000.0,21846000.0,0.0,0.0,0.0,0.0,0.0,118000.0,200000.0,723000.0,0.0,60000.0,0.0,2265000.0,162000.0,34638000.0,32567000.0,-2.0,-2.0,-2.0,-2.0,-2.0,0.0,0.0,0.0,0.0,588000.0,0.0,73000.0,0.0,0.0,0.0,0.0,0.0,0.0,1410000.0,0.0,0.0,63542000.0,53083000.0,33052000.0,33052000.0,4359000.0,784000.0,18550000.0,5866000.0,1481000.0,684000.0,2470000.0,4511000.0,2013000.0,1525000.0,0.0,1481000.0,1481000.0,0.0,0.0,2249000.0,0.0,0.0,2249000.0,891000.0,452000.0,0.0,274000.0,165000.0,0.0,0.0,0.0,567000.0,1609000.0,31154000.0,22496000.0,17425000.0,3171000.0,99000.0,257000.0,3391000.0,1083000.0,301000.0,1617000.0,1480000.0,0.0,786000.0,0.0,13783000.0,10477000.0,1276000.0,289000.0,122000.0,842000.0,490000.0,0.0,287000.0,0.0,0.0,199000.0,8034000.0,36655000.0,890000.0,43799000.0,0.0,0.0,0.0,0.0,0.0,920000.0,656000.0,416000.0,49022000.0,1795000.0,0.0,1.0,R,R,R,R,R,R,R,R,R,R,R,R,R,R,R,R,R,R,R,R,R,R,R,R,R,R,R,R,R,N,N,N,N,N,R,R,R,R,R,R,R,R,R,R,R,R,R,R,R,R,R,R,R,R,R,R,R,R,R,R,R,R,R,R,R,R,R,R,R,R,R,R,R,R,R,R,R,R,R,R,R,R,R,R,R,R,R,R,R,R,R,R,R,R,R,R,R,R,R,R,R,R,A,R,R,I,R,R,R,R,R,R,R,R,I,I,R,North Providence,246,0.8577235772357723
4400810,40300400930100,44,44007,148,39300,North Smithfield,Rhode Island,RI,03,3,18,1,1,PK,12,1734.0,1718.0,28865000.0,967000.0,160000.0,390000.0,39000.0,0.0,0.0,0.0,218000.0,160000.0,0.0,0.0,0.0,0.0,8367000.0,6003000.0,0.0,0.0,0.0,1000.0,0.0,0.0,6000.0,1044000.0,0.0,0.0,0.0,1292000.0,21000.0,19531000.0,19108000.0,-2.0,-2.0,-2.0,-2.0,-2.0,0.0,0.0,48000.0,5000.0,309000.0,0.0,0.0,0.0,0.0,52000.0,0.0,0.0,0.0,8000.0,1000.0,0.0,28746000.0,25369000.0,15033000.0,15033000.0,1033000.0,404000.0,9841000.0,2660000.0,890000.0,367000.0,1255000.0,2542000.0,1239000.0,888000.0,0.0,495000.0,495000.0,0.0,0.0,332000.0,5000.0,0.0,327000.0,177000.0,0.0,4000.0,118000.0,55000.0,0.0,0.0,0.0,430000.0,1001000.0,15581000.0,10672000.0,7837000.0,1579000.0,0.0,210000.0,1666000.0,648000.0,219000.0,810000.0,945000.0,60000.0,533000.0,28000.0,6306000.0,4254000.0,712000.0,188000.0,92000.0,352000.0,454000.0,10000.0,241000.0,4000.0,0.0,21000.0,22152000.0,0.0,1991000.0,20161000.0,0.0,0.0,0.0,0.0,0.0,593000.0,254000.0,124000.0,23503000.0,574000.0,0.0,1.0,R,R,R,R,R,R,R,R,R,R,R,R,R,R,R,R,R,R,R,R,R,R,R,R,R,R,R,R,R,N,N,N,N,N,R,R,R,R,R,R,R,R,R,R,R,R,R,R,R,R,R,R,R,R,R,R,R,R,R,R,R,R,R,R,R,R,R,R,R,R,R,R,R,R,R,R,R,R,R,R,R,R,R,R,R,R,R,R,R,R,R,R,R,R,R,R,R,R,R,R,R,R,A,R,R,I,R,R,R,R,R,R,R,R,I,I,R,North Smithfield,112,0.8392857142857143
4400840,40200400330100,44,44007,148,39300,Pawtucket,Rhode Island,RI,03,3,18,1,1,PK,12,8738.0,8592.0,148445000.0,14038000.0,3675000.0,2426000.0,899000.0,0.0,140000.0,154000.0,2272000.0,4298000.0,0.0,0.0,0.0,174000.0,101572000.0,88823000.0,27000.0,0.0,0.0,213000.0,0.0,102000.0,69000.0,5776000.0,0.0,637000.0,0.0,5807000.0,118000.0,32835000.0,31208000.0,-2.0,-2.0,-2.0,-2.0,-2.0,615000.0,0.0,0.0,0.0,623000.0,0.0,210000.0,0.0,0.0,19000.0,0.0,0.0,0.0,159000.0,1000.0,0.0,158862000.0,133620000.0,87595000.0,87595000.0,8640000.0,3283000.0,41057000.0,15794000.0,3024000.0,1210000.0,6280000.0,8246000.0,2783000.0,3720000.0,0.0,4968000.0,4968000.0,0.0,0.0,4678000.0,0.0,350000.0,4328000.0,4518000.0,3578000.0,0.0,792000.0,148000.0,0.0,0.0,0.0,2659000.0,1464000.0,72779000.0,51139000.0,30415000.0,9097000.0,314000.0,7647000.0,9286000.0,1947000.0,652000.0,4096000.0,3203000.0,0.0,2337000.0,119000.0,35372000.0,24597000.0,4453000.0,828000.0,312000.0,2093000.0,1948000.0,0.0,1123000.0,18000.0,0.0,316000.0,16289000.0,17285000.0,2443000.0,31131000.0,0.0,0.0,0.0,0.0,0.0,1868000.0,783000.0,678000.0,107953000.0,7939000.0,17000.0,1.0,R,R,R,R,R,R,R,R,R,R,R,R,R,R,R,R,R,R,R,R,R,R,R,R,R,R,R,R,R,N,N,N,N,N,R,R,R,R,R,R,R,R,R,R,R,R,R,R,R,R,A,R,R,R,R,R,R,R,R,R,R,R,R,R,R,R,R,R,R,R,R,R,R,R,R,R,R,R,R,R,R,R,R,R,R,R,R,R,R,R,R,R,R,R,R,R,R,R,R,R,R,R,A,R,R,I,R,R,R,R,R,R,R,R,I,I,R,Pawtucket,480,0.7895833333333333
4400870,40300300530100,44,44005,148,39300,Portsmouth,Rhode Island,RI,03,3,18,1,1,PK,12,2442.0,2421.0,43159000.0,1785000.0,240000.0,680000.0,110000.0,0.0,16000.0,0.0,272000.0,210000.0,0.0,257000.0,0.0,0.0,7051000.0,4476000.0,0.0,0.0,0.0,0.0,0.0,65000.0,8000.0,700000.0,0.0,0.0,0.0,1802000.0,0.0,34323000.0,32049000.0,-2.0,-2.0,-2.0,-2.0,-2.0,1201000.0,0.0,47000.0,0.0,505000.0,1000.0,45000.0,0.0,0.0,59000.0,0.0,0.0,0.0,90000.0,326000.0,0.0,42511000.0,38082000.0,21632000.0,21632000.0,1405000.0,9000.0,15756000.0,3251000.0,2106000.0,693000.0,2306000.0,2939000.0,2251000.0,2210000.0,0.0,694000.0,694000.0,0.0,0.0,670000.0,0.0,0.0,670000.0,1324000.0,416000.0,12000.0,216000.0,680000.0,0.0,0.0,0.0,435000.0,586000.0,22710000.0,14928000.0,11148000.0,1823000.0,178000.0,52000.0,1998000.0,1561000.0,411000.0,1482000.0,986000.0,194000.0,1149000.0,0.0,10002000.0,6644000.0,883000.0,402000.0,192000.0,728000.0,533000.0,30000.0,590000.0,0.0,0.0,169000.0,22797000.0,0.0,1200000.0,21597000.0,0.0,0.0,0.0,0.0,0.0,592000.0,258000.0,667000.0,35767000.0,511000.0,0.0,1.0,R,R,R,R,R,R,R,R,R,R,R,R,R,R,R,R,R,R,R,R,R,R,R,R,R,R,R,R,R,N,N,N,N,N,R,R,R,R,R,R,R,R,R,R,R,R,R,R,R,R,R,R,R,R,R,R,R,R,R,R,R,R,R,R,R,R,R,R,R,R,R,R,R,R,R,R,R,R,R,R,R,R,R,R,R,R,R,R,R,R,R,R,R,R,R,R,R,R,R,R,R,R,A,R,R,I,R,R,R,R,R,R,R,R,I,I,R,Portsmouth,199,0.9597989949748744
4400900,40200400430100,44,44007,148,39300,Providence,Rhode Island,RI,03,2,18,1,1,PK,12,24075.0,23909.0,468498000.0,48397000.0,19022000.0,5941000.0,2381000.0,0.0,955000.0,927000.0,3427000.0,15485000.0,0.0,0.0,0.0,259000.0,289227000.0,246970000.0,0.0,0.0,0.0,1526000.0,0.0,433000.0,282000.0,23999000.0,0.0,160000.0,0.0,15562000.0,295000.0,130874000.0,128547000.0,-2.0,-2.0,-2.0,-2.0,-2.0,2000.0,0.0,0.0,0.0,1602000.0,2000.0,41000.0,0.0,0.0,97000.0,0.0,0.0,0.0,445000.0,138000.0,0.0,453051000.0,387103000.0,192461000.0,192461000.0,17649000.0,17433000.0,177232000.0,47374000.0,30306000.0,6837000.0,22865000.0,32511000.0,19074000.0,18265000.0,0.0,17410000.0,17410000.0,0.0,0.0,11548000.0,0.0,0.0,11548000.0,7858000.0,0.0,174000.0,5816000.0,1868000.0,0.0,0.0,0.0,2362000.0,9098000.0,206895000.0,129497000.0,77345000.0,22727000.0,2174000.0,13906000.0,25241000.0,19994000.0,3747000.0,14634000.0,985000.0,2628000.0,9474000.0,695000.0,109502000.0,62665000.0,17482000.0,9210000.0,2012000.0,7624000.0,1739000.0,2700000.0,5922000.0,148000.0,0.0,249000.0,146812000.0,0.0,23179000.0,123633000.0,0.0,0.0,0.0,0.0,0.0,6276000.0,4253000.0,6262000.0,345830000.0,25710000.0,0.0,1.0,R,R,R,R,R,R,R,R,R,R,R,R,R,R,R,R,R,R,R,R,R,R,R,R,R,R,R,R,R,N,N,N,N,N,R,R,R,R,R,R,R,R,R,R,R,R,R,R,R,R,R,R,R,R,R,R,R,R,R,R,R,R,R,R,R,R,R,R,R,R,R,R,R,R,R,R,R,R,R,R,R,R,R,R,R,R,R,R,R,R,R,R,R,R,R,R,R,R,R,R,R,R,A,R,R,I,R,R,R,R,R,R,R,R,I,I,R,Providence,1786,0.7491601343784994
4400960,40300401030100,44,44007,148,39300,Scituate,Rhode Island,RI,03,3,18,1,1,PK,12,1269.0,1269.0,25925000.0,965000.0,269000.0,360000.0,74000.0,0.0,0.0,0.0,141000.0,121000.0,0.0,0.0,0.0,0.0,4936000.0,3576000.0,0.0,0.0,0.0,0.0,0.0,50000.0,0.0,140000.0,0.0,1000.0,0.0,1132000.0,37000.0,20024000.0,19361000.0,-2.0,-2.0,-2.0,-2.0,-2.0,0.0,0.0,0.0,0.0,225000.0,0.0,225000.0,0.0,0.0,0.0,0.0,52000.0,0.0,160000.0,1000.0,0.0,24356000.0,22333000.0,13303000.0,13303000.0,196000.0,100000.0,8736000.0,1736000.0,837000.0,440000.0,1058000.0,2220000.0,1375000.0,1070000.0,0.0,294000.0,294000.0,0.0,0.0,171000.0,0.0,0.0,171000.0,564000.0,130000.0,0.0,357000.0,77000.0,0.0,0.0,0.0,852000.0,140000.0,13806000.0,9864000.0,7541000.0,1072000.0,192000.0,30000.0,1046000.0,588000.0,269000.0,740000.0,867000.0,157000.0,274000.0,0.0,4884000.0,3016000.0,389000.0,84000.0,92000.0,294000.0,336000.0,36000.0,637000.0,0.0,0.0,36000.0,3452000.0,0.0,365000.0,3087000.0,0.0,0.0,0.0,0.0,0.0,459000.0,64000.0,142000.0,20516000.0,686000.0,0.0,1.0,R,R,R,R,R,R,R,R,R,R,R,R,R,R,R,R,R,R,R,R,R,R,R,R,R,R,R,R,R,N,N,N,N,N,R,R,R,R,R,R,R,R,R,R,R,R,R,R,R,R,R,R,R,R,R,R,R,R,R,R,R,R,R,R,R,R,R,R,R,R,R,R,R,R,R,R,R,R,R,R,R,R,R,R,R,R,R,R,R,R,R,R,R,R,R,R,R,R,R,R,R,R,A,R,R,I,R,R,R,R,R,R,R,R,I,I,R,Scituate,112,0.9107142857142856
4400990,40300401130100,44,44007,148,39300,Smithfield,Rhode Island,RI,03,3,18,1,1,PK,12,2395.0,2390.0,42564000.0,1406000.0,197000.0,626000.0,54000.0,0.0,79000.0,0.0,280000.0,170000.0,0.0,0.0,0.0,0.0,8954000.0,6260000.0,0.0,0.0,0.0,1000.0,0.0,158000.0,7000.0,509000.0,0.0,6000.0,0.0,1933000.0,80000.0,32204000.0,31678000.0,-2.0,-2.0,-2.0,-2.0,-2.0,62000.0,0.0,39000.0,0.0,339000.0,0.0,13000.0,0.0,0.0,0.0,0.0,0.0,0.0,64000.0,9000.0,0.0,42305000.0,39264000.0,24784000.0,24784000.0,631000.0,110000.0,13891000.0,3861000.0,1326000.0,529000.0,1997000.0,3200000.0,1691000.0,1287000.0,0.0,589000.0,588000.0,1000.0,0.0,664000.0,0.0,0.0,664000.0,1075000.0,43000.0,0.0,725000.0,307000.0,0.0,0.0,0.0,299000.0,262000.0,23584000.0,17157000.0,12061000.0,3100000.0,234000.0,55000.0,2144000.0,733000.0,274000.0,1310000.0,1228000.0,31000.0,649000.0,59000.0,10161000.0,7235000.0,894000.0,270000.0,104000.0,651000.0,669000.0,13000.0,300000.0,26000.0,0.0,111000.0,4744000.0,0.0,585000.0,4159000.0,0.0,0.0,0.0,0.0,0.0,785000.0,444000.0,640000.0,36422000.0,911000.0,0.0,1.0,R,R,R,R,R,R,R,R,R,R,R,R,R,R,R,R,R,R,R,R,R,R,R,R,R,R,R,R,R,N,N,N,N,N,R,R,R,R,R,R,R,R,R,R,R,R,R,R,R,R,R,R,R,R,R,R,R,R,R,R,R,R,R,R,R,R,R,R,R,R,R,R,R,R,R,R,R,R,R,R,R,R,R,R,R,R,R,R,R,R,R,R,R,R,R,R,R,R,R,R,R,R,A,R,R,I,R,R,R,R,R,R,R,R,I,I,R,Smithfield,161,0.9254658385093169
4401020,40300500730100,44,44009,148,39300,South Kingstown,Rhode Island,RI,03,3,18,1,1,PK,12,3069.0,3053.0,65870000.0,2169000.0,400000.0,901000.0,138000.0,0.0,0.0,5000.0,369000.0,356000.0,0.0,0.0,0.0,0.0,10534000.0,6833000.0,0.0,0.0,0.0,2000.0,0.0,0.0,10000.0,795000.0,0.0,4000.0,0.0,2769000.0,121000.0,53167000.0,52415000.0,-2.0,-2.0,-2.0,-2.0,-2.0,0.0,0.0,70000.0,0.0,619000.0,0.0,0.0,0.0,0.0,12000.0,0.0,29000.0,0.0,12000.0,10000.0,0.0,65218000.0,58916000.0,35270000.0,35270000.0,1662000.0,1128000.0,22677000.0,5925000.0,1614000.0,677000.0,3636000.0,4275000.0,3587000.0,2963000.0,0.0,969000.0,969000.0,0.0,0.0,1462000.0,0.0,0.0,1462000.0,1035000.0,0.0,0.0,834000.0,201000.0,0.0,0.0,0.0,883000.0,132000.0,33927000.0,23288000.0,17103000.0,3337000.0,0.0,1075000.0,3728000.0,878000.0,266000.0,2369000.0,1588000.0,0.0,1812000.0,0.0,16192000.0,11169000.0,1832000.0,274000.0,102000.0,1206000.0,782000.0,0.0,827000.0,0.0,0.0,106000.0,15990000.0,980000.0,1063000.0,15907000.0,0.0,0.0,0.0,0.0,0.0,869000.0,326000.0,932000.0,54895000.0,1250000.0,0.0,1.0,R,R,R,R,R,R,R,R,R,R,R,R,R,R,R,R,R,R,R,R,R,R,R,R,R,R,R,R,R,N,N,N,N,N,R,R,R,R,R,R,R,R,R,R,R,R,R,R,R,R,R,R,R,R,R,R,R,R,R,R,R,R,R,R,R,R,R,R,R,R,R,R,R,R,R,R,R,R,R,R,R,R,R,R,R,R,R,R,R,R,R,R,R,R,R,R,R,R,R,R,R,R,A,R,R,I,R,R,R,R,R,R,R,R,I,I,R,South Kingstown,217,0.9447004608294932
4401050,40300300630100,44,44005,148,39300,Tiverton,Rhode Island,RI,03,3,18,1,1,PK,12,1835.0,1805.0,34248000.0,1692000.0,194000.0,637000.0,235000.0,0.0,19000.0,0.0,204000.0,247000.0,0.0,0.0,0.0,156000.0,8828000.0,6530000.0,0.0,0.0,0.0,1000.0,0.0,63000.0,8000.0,896000.0,0.0,2000.0,0.0,1328000.0,0.0,23728000.0,23363000.0,-2.0,-2.0,-2.0,-2.0,-2.0,0.0,0.0,0.0,0.0,319000.0,0.0,0.0,0.0,0.0,0.0,0.0,0.0,0.0,31000.0,15000.0,0.0,34915000.0,29509000.0,17833000.0,17833000.0,2045000.0,0.0,11028000.0,3023000.0,1193000.0,559000.0,1443000.0,2160000.0,1533000.0,1117000.0,0.0,648000.0,648000.0,0.0,0.0,735000.0,0.0,14000.0,721000.0,568000.0,156000.0,177000.0,153000.0,82000.0,0.0,0.0,0.0,628000.0,1430000.0,17566000.0,12397000.0,9695000.0,1646000.0,0.0,63000.0,1748000.0,800000.0,246000.0,973000.0,697000.0,0.0,707000.0,0.0,7334000.0,5317000.0,726000.0,155000.0,118000.0,415000.0,333000.0,0.0,269000.0,0.0,0.0,38000.0,42600000.0,0.0,1185000.0,41415000.0,0.0,0.0,0.0,0.0,0.0,643000.0,261000.0,162000.0,27476000.0,703000.0,0.0,1.0,R,R,R,R,R,R,R,R,R,R,R,R,R,R,R,R,R,R,R,R,R,R,R,R,R,R,R,R,R,N,N,N,N,N,R,R,R,R,R,R,R,R,R,R,R,R,R,R,R,R,R,R,R,R,R,R,R,R,R,R,R,R,R,R,R,R,R,R,R,R,R,R,R,R,R,R,R,R,R,R,R,R,R,R,R,R,R,R,R,R,R,R,R,R,R,R,R,R,R,R,R,R,A,R,R,I,R,R,R,R,R,R,R,R,I,I,R,Tiverton,137,0.8905109489051095
4401110,40200200130100,44,44003,148,39300,Warwick,Rhode Island,RI,03,3,18,1,1,PK,12,8953.0,8797.0,182293000.0,8583000.0,1526000.0,3094000.0,398000.0,0.0,325000.0,6000.0,1597000.0,1637000.0,0.0,0.0,0.0,0.0,48599000.0,39138000.0,0.0,0.0,0.0,9000.0,0.0,200000.0,36000.0,1574000.0,0.0,13000.0,0.0,7624000.0,5000.0,125111000.0,122482000.0,-2.0,-2.0,-2.0,-2.0,-2.0,1053000.0,0.0,143000.0,0.0,1126000.0,0.0,56000.0,0.0,0.0,44000.0,0.0,2000.0,0.0,174000.0,31000.0,0.0,190417000.0,172883000.0,104778000.0,104778000.0,6196000.0,1230000.0,64841000.0,23350000.0,6040000.0,2696000.0,6848000.0,12909000.0,7964000.0,5034000.0,0.0,3264000.0,3260000.0,4000.0,0.0,2507000.0,19000.0,0.0,2488000.0,4778000.0,2156000.0,0.0,1244000.0,1378000.0,0.0,0.0,0.0,1975000.0,848000.0,101051000.0,66582000.0,49361000.0,12227000.0,1418000.0,618000.0,14469000.0,3973000.0,1569000.0,4594000.0,5854000.0,470000.0,3130000.0,406000.0,47046000.0,31041000.0,7235000.0,1721000.0,610000.0,2146000.0,2699000.0,125000.0,1391000.0,77000.0,1000.0,252000.0,73767000.0,4460000.0,3380000.0,74847000.0,0.0,0.0,0.0,0.0,0.0,2760000.0,592000.0,2010000.0,152747000.0,5086000.0,0.0,1.0,R,R,R,R,R,R,R,R,R,R,R,R,R,R,R,R,R,R,R,R,R,R,R,R,R,R,R,R,R,N,N,N,N,N,R,R,R,R,R,R,R,R,R,R,R,R,R,R,R,R,A,R,R,R,R,R,R,R,R,R,R,R,R,R,R,R,R,R,R,R,R,R,R,R,R,R,R,R,R,R,R,R,R,R,R,R,R,R,R,R,R,R,R,R,R,R,R,R,R,R,R,R,A,R,R,I,R,R,R,R,R,R,R,R,I,I,R,Warwick,669,0.8295964125560538
4401140,40300200430100,44,44003,148,39300,West Warwick,Rhode Island,RI,03,3,18,1,1,PK,12,3588.0,3556.0,64491000.0,4058000.0,973000.0,994000.0,216000.0,0.0,41000.0,10000.0,763000.0,1061000.0,0.0,0.0,0.0,0.0,28117000.0,24313000.0,0.0,0.0,0.0,6000.0,0.0,0.0,20000.0,1103000.0,0.0,2000.0,0.0,2625000.0,48000.0,32316000.0,31558000.0,-2.0,-2.0,-2.0,-2.0,-2.0,16000.0,0.0,3000.0,0.0,474000.0,0.0,15000.0,0.0,0.0,42000.0,0.0,0.0,0.0,166000.0,42000.0,0.0,62800000.0,56541000.0,35236000.0,35236000.0,1404000.0,203000.0,19971000.0,5738000.0,1967000.0,703000.0,2982000.0,4434000.0,2215000.0,1932000.0,0.0,1334000.0,1324000.0,10000.0,0.0,1458000.0,0.0,0.0,1458000.0,1029000.0,361000.0,89000.0,388000.0,191000.0,0.0,0.0,0.0,1822000.0,343000.0,32774000.0,23209000.0,16193000.0,4447000.0,204000.0,427000.0,3633000.0,1146000.0,390000.0,1815000.0,1337000.0,151000.0,1086000.0,0.0,17201000.0,11472000.0,1876000.0,539000.0,218000.0,1108000.0,1332000.0,24000.0,631000.0,0.0,3000.0,37000.0,13260000.0,0.0,1446000.0,11814000.0,0.0,0.0,0.0,0.0,0.0,778000.0,206000.0,332000.0,51796000.0,2119000.0,0.0,1.0,R,R,R,R,R,R,R,R,R,R,R,R,R,R,R,R,R,R,R,R,R,R,R,R,R,R,R,R,R,N,N,N,N,N,R,R,R,R,R,R,R,R,R,R,R,R,R,R,R,R,R,R,R,R,R,R,R,R,R,R,R,R,R,R,R,R,R,R,R,R,R,R,R,R,R,R,R,R,R,R,R,R,R,R,R,R,R,R,R,R,R,R,R,R,R,R,R,R,R,R,R,R,A,R,R,I,R,R,R,R,R,R,R,R,I,I,R,West Warwick,261,0.8544061302681992
4401170,40300500830100,44,44009,148,39300,Westerly,Rhode Island,RI,03,3,18,1,1,PK,12,2790.0,2724.0,63832000.0,3551000.0,548000.0,806000.0,132000.0,0.0,0.0,12000.0,1476000.0,569000.0,0.0,0.0,0.0,8000.0,13537000.0,8850000.0,53000.0,0.0,0.0,2000.0,0.0,0.0,26000.0,1845000.0,0.0,301000.0,0.0,2460000.0,0.0,46744000.0,45711000.0,-2.0,-2.0,-2.0,-2.0,-2.0,55000.0,0.0,57000.0,0.0,302000.0,0.0,12000.0,0.0,258000.0,121000.0,0.0,0.0,0.0,132000.0,96000.0,0.0,63180000.0,55364000.0,29342000.0,29342000.0,2877000.0,740000.0,24584000.0,10157000.0,1409000.0,723000.0,2577000.0,4924000.0,2426000.0,2368000.0,0.0,1438000.0,967000.0,471000.0,0.0,737000.0,0.0,0.0,737000.0,507000.0,0.0,0.0,243000.0,264000.0,0.0,0.0,0.0,1411000.0,1544000.0,34013000.0,20196000.0,16398000.0,2385000.0,294000.0,424000.0,6189000.0,829000.0,330000.0,1697000.0,1616000.0,1287000.0,1572000.0,0.0,15431000.0,8679000.0,3122000.0,387000.0,156000.0,792000.0,777000.0,719000.0,678000.0,0.0,121000.0,64000.0,83016000.0,0.0,3949000.0,79066000.0,0.0,0.0,0.0,0.0,0.0,1027000.0,189000.0,413000.0,51432000.0,1471000.0,0.0,1.0,R,R,R,R,R,R,R,R,R,R,R,R,R,R,R,R,R,R,R,R,R,R,R,R,R,R,R,R,R,N,N,N,N,N,R,R,R,R,R,R,R,R,R,R,R,R,R,R,R,R,R,R,R,R,R,R,R,R,R,R,R,R,R,R,R,R,R,R,R,R,R,R,R,R,R,R,R,R,R,R,R,R,R,R,R,R,R,R,R,R,R,R,R,R,R,R,R,R,R,R,R,R,A,R,R,I,R,R,R,R,R,R,R,R,I,I,R,Westerly,191,0.8324607329842932
4401200,40200400530100,44,44007,148,39300,Woonsocket,Rhode Island,RI,03,3,18,1,1,PK,12,5982.0,5865.0,99487000.0,12697000.0,3866000.0,1774000.0,688000.0,0.0,365000.0,81000.0,2910000.0,2999000.0,0.0,14000.0,0.0,0.0,69259000.0,59502000.0,0.0,0.0,0.0,152000.0,0.0,280000.0,21000.0,6208000.0,0.0,106000.0,0.0,2974000.0,16000.0,17531000.0,16166000.0,-2.0,-2.0,-2.0,-2.0,-2.0,341000.0,0.0,0.0,0.0,408000.0,0.0,103000.0,0.0,0.0,222000.0,0.0,26000.0,0.0,238000.0,27000.0,0.0,103285000.0,84872000.0,53875000.0,53875000.0,6872000.0,814000.0,27801000.0,9962000.0,1952000.0,777000.0,3079000.0,6033000.0,2306000.0,3692000.0,0.0,3196000.0,3194000.0,2000.0,0.0,2394000.0,0.0,158000.0,2236000.0,4230000.0,3198000.0,6000.0,710000.0,316000.0,0.0,0.0,0.0,1221000.0,2882000.0,46852000.0,32357000.0,19847000.0,6410000.0,896000.0,2559000.0,6527000.0,1232000.0,393000.0,2117000.0,2076000.0,0.0,1984000.0,165000.0,20516000.0,14024000.0,2687000.0,429000.0,158000.0,920000.0,959000.0,0.0,1317000.0,23000.0,0.0,313000.0,58707000.0,0.0,3595000.0,55112000.0,0.0,0.0,0.0,0.0,0.0,1779000.0,840000.0,578000.0,67185000.0,7028000.0,0.0,1.0,R,R,R,R,R,R,R,R,R,R,R,R,R,R,R,R,R,R,R,R,R,R,R,R,R,R,R,R,R,N,N,N,N,N,R,R,R,R,R,R,R,R,R,R,R,R,R,R,R,R,A,R,R,R,R,R,R,R,R,R,R,R,R,R,R,R,R,R,R,R,R,R,R,R,R,R,R,R,R,R,R,R,R,R,R,R,R,R,R,R,R,R,R,R,R,R,R,R,R,R,R,R,A,R,R,I,R,R,R,R,R,R,R,R,I,I,R,Woonsocket,351,0.715099715099715
